pid,link,name,price,brand
327098,https://www.thegioididong.com/laptop/hp-15-fc0085au-r5-a6vv8pa,"Laptop HP 15 fc0085AU - A6VV8PA (R5 7430U, 16GB, 512GB, Full HD, Win11)",12990000.0,HP
311178,https://www.thegioididong.com/laptop/asus-vivobook-go-15-e1504fa-r5-nj776w,"Laptop Asus Vivobook Go 15 E1504FA - NJ776W (R5 7520U, 16GB, 512GB, Full HD, Win11)",12390000.0,Asus
334442,https://www.thegioididong.com/laptop/lenovo-ideapad-slim-3-15irh10-i5-83k1000hvn,"Laptop Lenovo IdeaPad Slim 3 15IRH10 - 83K1000HVN (i5 13420H, 16GB, 512GB, WUXGA, Win11)",15890000.0,Lenovo
335362,https://www.thegioididong.com/laptop/macbook-air-13-inch-m4-16gb-256gb,Laptop MacBook Air 13 inch M4 16GB/256GB,25090000.0,MacBook
337470,https://www.thegioididong.com/laptop/dell-inspiron-15-3520-i5-71064798,"Laptop Dell Inspiron 15 3520 - 71064798 (i5 1235U, 16GB, 512GB, Full HD 120Hz, OfficeH24+365, KYHD, Win11)",15490000.0,Dell
336967,https://www.thegioididong.com/laptop/acer-aspire-lite-15-al15-71p-517d-i5-nxj7ksv001,"Laptop Acer Aspire Lite 15 AL15 71P 517D - NX.J7KSV.001 (i5 12450H, 16GB, 512GB, Full HD, Win11)",13990000.0,Acer
321192,https://www.thegioididong.com/laptop/dell-inspiron-15-3520-i5-25p231,"Laptop Dell Inspiron 15 3520 - 25P231 (i5 1235U, 16GB, 512GB, Full HD 120Hz, OfficeHS, KYHD, Win11)",15490000.0,Dell
338207,https://www.thegioididong.com/laptop/hp-240-g10-i5-b93gzat,"Laptop HP 240 G10 - B93GZAT (i5 1334U, 16GB, 512GB, Full HD, Win11)",16190000.0,HP
334792,https://www.thegioididong.com/laptop/asus-vivobook-15-x1504va-i3-nj1634w,"Laptop Asus Vivobook 15 X1504VA - NJ1634W (i3 1315U, 8GB, 512GB, Full HD, Win11)",10590000.0,Asus
334450,https://www.thegioididong.com/laptop/lenovo-ideapad-slim-3-16irh10-i5-83k20003vn,"Laptop Lenovo Ideapad Slim 3 16IRH10 - 83K20003VN (i5 13420H, 24GB, 512GB, WUXGA, Win11)",16890000.0,Lenovo
333427,https://www.thegioididong.com/laptop/acer-nitro-v-15-anv15-41-r1jy-r5-nhqpfsv001,"Laptop Acer Gaming Nitro V 15 ANV15 41 R1JY - NH.QPFSV.001 (R5 6600H, 16GB, 512GB, RTX 3050 6GB, Full HD 165Hz, Win11)",19490000.0,Acer
326124,https://www.thegioididong.com/laptop/msi-thin-15-b12ucx-i5-2046vn?utm_flashsale=1,"Laptop MSI Gaming Thin 15 B12UCX - 2046VN (i5 12450H, 16GB, 512GB, RTX 2050 4GB, Full HD 144Hz, Win11)",13990000.0,MSI
289472,https://www.thegioididong.com/laptop/apple-macbook-air-m2-2022-16gb-256gb?utm_flashsale=1,Laptop MacBook Air 13 inch M2 16GB/256GB,19590000.0,MacBook
334803,https://www.thegioididong.com/laptop/dell-inspiron-15-3530-i5-n5i5530w1,"Laptop Dell Inspiron 15 3530 - N5I5530W1 (i5 1334U, 16GB, 512GB, Full HD 120Hz, OfficeH24+365, Win11)",17490000.0,Dell
335556,https://www.thegioididong.com/laptop/lenovo-loq-15iax9e-i5-83lk0079vn,"Laptop Lenovo Gaming LOQ 15IAX9E - 83LK0079VN (i5 12450HX, 16GB, 512GB, RTX 3050 6GB, Full HD 144Hz, Win11)",20490000.0,Lenovo
338323,https://www.thegioididong.com/laptop/asus-x1504va-core-5-bq185ws,"Laptop Asus Vivobook 15 X1504VA - BQ185WS (Core 5 120U, 16GB, 512GB, Full HD, OfficeH24+365, Win11)",15690000.0,Asus
326050,https://www.thegioididong.com/laptop/hp-15-fd0303tu-i3-a2nl4pa,"Laptop HP 15 fd0303TU - A2NL4PA (i3 1315U, 8GB, 512GB, Full HD, Win11)",11390000.0,HP
334996,https://www.thegioididong.com/laptop/acer-aspire-lite-al14-52m-54cj-i5-nxj39sv002,"Laptop Acer Aspire Lite AL14 52M 54CJ - NX.J39SV.002 (i5 1334U, 16GB, 512GB, WUXGA, Win11)",14390000.0,Acer
331362,https://www.thegioididong.com/laptop/msi-modern-15-f13mg-i5-082vn?utm_flashsale=1,"Laptop MSI Modern 15 F13MG - 082VN (i5 1335U, 16GB, 512GB, Full HD, Win11)",12490000.0,MSI
325500,https://www.thegioididong.com/laptop/lenovo-ideapad-slim-3-15amn8-r5-82xq00j0vn,"Laptop Lenovo Ideapad Slim 3 15AMN8 - 82XQ00J0VN (R5 7520U, 16GB, 512GB, Full HD, Win11)",13190000.0,Lenovo
340564,https://www.thegioididong.com/laptop/asus-vivobook-a1505va-i5-ma515ws,"Laptop Asus Vivobook 15 OLED A1505VA - MA515WS (i5 13420H, 16GB, 512GB, 2.8K OLED 120Hz, OfficeH24+365, Win11)",16990000.0,Asus
338311,https://www.thegioididong.com/laptop/dell-inspiron-15-3530-i7-n5i7216w1,"Laptop Dell Inspiron 15 3530 - N5I7216W1 (i7 1355U, 16GB, 512GB, Full HD 120Hz, OfficeH24+365, Win11)",20990000.0,Dell
323920,https://www.thegioididong.com/laptop/hp-15-fd0234tu-i5-9q969pa,"Laptop HP 15 fd0234TU - 9Q969PA (i5 1334U, 16GB, 512GB, Full HD, Win11)",15490000.0,HP
334997,https://www.thegioididong.com/laptop/acer-aspire-go-ag15-31p-30m4-i3-nxkrpsv004?utm_flashsale=1,"Laptop Acer Aspire Go AG15 31P 30M4 - NX.KRPSV.004 (i3 N305, 8GB, 256GB, Full HD, Win11)",9990000.0,Acer
335372,https://www.thegioididong.com/laptop/macbook-air-15-inch-m4-16gb-256gb,Laptop MacBook Air 15 inch M4 16GB/256GB,30490000.0,MacBook
326279,https://www.thegioididong.com/laptop/msi-thin-15-b12uc-i5-2045vn,"Laptop MSI Gaming Thin 15 B12UC - 2045VN (i5 12450H, 16GB, 512GB, RTX 3050 4GB, Full HD 144Hz, Win11)",17190000.0,MSI
310449,https://www.thegioididong.com/laptop/msi-modern-15-b12mo-i5-625vn?utm_flashsale=1,"Laptop MSI Modern 15 B12MO - 625VN (i5 1235U, 8GB, 512GB, Full HD, Win11)",10290000.0,MSI
340486,https://www.thegioididong.com/laptop/hp-15-fd0235tu-i5-9q970pa,"Laptop HP 15 fd0235TU - 9Q970PA (i5 1334U, 16GB, 512GB, Full HD, Win11)",15490000.0,HP
334446,https://www.thegioididong.com/laptop/lenovo-ideapad-slim-3-15irh10-i7-83k1000fvn,"Laptop Lenovo IdeaPad Slim 3 15IRH10 - 83K1000FVN (i7 13620H, 24GB, 512GB, WUXGA, Win11)",19690000.0,Lenovo
339679,https://www.thegioididong.com/laptop/dell-latitude-3450-i5-l34501335u16512wn,"Laptop Dell Latitude 3450 - L3450-1335U-16512WN (i5 1335U, 16GB, 512GB, Full HD, Win11)",18590000.0,Dell
333430,https://www.thegioididong.com/laptop/acer-nitro-v-15-anv15-41-r2up-r5-nhqpgsv004,"Laptop Acer Gaming Nitro V 15 ANV15 41 R2UP - NH.QPGSV.004 (R5 6600H, 16GB, 512GB, RTX 2050 4GB, Full HD 165Hz, Win11)",17490000.0,Acer
328235,https://www.thegioididong.com/laptop/asus-gaming-tuf-f15-fx507zc4-i5-hn330w,"Laptop Asus TUF Gaming F15 FX507ZC4 - HN330W (i5 12500H, 16GB, 512GB, RTX 3050 4GB, Full HD 144Hz, Win11)",19690000.0,Asus
321467,https://www.thegioididong.com/laptop/hp-victus-15-fb1022ax-r5-94f19pa,"Laptop HP Gaming VICTUS 15 fb1022AX - 94F19PA (R5 7535HS, 16GB, 512GB, RTX 2050 4GB, Full HD 144Hz, Win11)",16490000.0,HP
337233,https://www.thegioididong.com/laptop/lenovo-ideapad-slim-3-oled-14irh10-i5-83k0000cvn,"Laptop Lenovo Ideapad Slim 3 14IRH10 - 83K0000CVN (i5 13420H, 24GB, 512GB, WUXGA OLED, Win11)",19190000.0,Lenovo
328237,https://www.thegioididong.com/laptop/asus-vivobook-k3605zf-i5-rp745w,"Laptop Asus Gaming Vivobook K3605ZF - RP745W (i5 12500H, 16GB, 512GB, RTX 2050 4GB, WUXGA 144Hz, Win11)",16890000.0,Asus
337420,https://www.thegioididong.com/laptop/hp-245-g10-r5-b8pf9at,"Laptop HP 245 G10 - B8PF9AT (R5 7530U, 8GB, 512GB, Full HD, Win11)",12190000.0,HP
334999,https://www.thegioididong.com/laptop/acer-aspire-lite-15-al15-41p-r3ql-r7-nxj54sv001,"Laptop Acer Aspire Lite 15 AL15 41P R3QL - NX.J54SV.001 (R7 5700U, 8GB, 512GB, Full HD, Win11)",12290000.0,Acer
338204,https://www.thegioididong.com/laptop/hp-victus-15-fa2731tx-i5-b85lnpa,"Laptop HP Gaming VICTUS 15 fa2731TX - B85LNPA (i5 13420H, 16GB, 512GB, RTX 3050 6GB, Full HD 144Hz, Win11)",20690000.0,HP
329786,https://www.thegioididong.com/laptop/msi-thin-15-b13ucx-i5-2080vn?utm_flashsale=1,"Laptop MSI Gaming Thin 15 B13UCX - 2080VN (i5 13420H, 16GB, 512GB, RTX 2050 4GB, Full HD 144Hz, Win11)",15490000.0,MSI
341563,https://www.thegioididong.com/laptop/dell-alienware-16-aurora-ac16250-core-5-210h-71072939?utm_flashsale=1,"Laptop Dell Gaming Alienware 16 Aurora AC16250 - 71072939 (Core 5 210H, 16GB, 512GB, RTX 3050 6GB, WQXGA 120Hz, OfficeH24+365, Win11)",28990000.0,Dell
326830,https://www.thegioididong.com/laptop/hp-pavilion-x360-14-ek2024tu-core-5-9z2v6pa,"Laptop HP Pavilion X360 14 ek2024TU - 9Z2V6PA (Core 5 120U, 16GB, 512GB, Full HD, Cảm ứng, Win11)",21290000.0,HP
339683,https://www.thegioididong.com/laptop/asus-vivobook-14-x1404va-core-5-eb155ws,"Laptop Asus Vivobook 14 X1404VA - EB155WS (Core 5 120U, 16GB, 512GB, Full HD, OfficeH24+365, Win11)",15490000.0,Asus
333886,https://www.thegioididong.com/laptop/dell-inspiron-15-3520-i5-n5i5057w1,"Laptop Dell Inspiron 15 3520 - N5I5057W1 (i5 1235U, 16GB, 512GB, Full HD 120Hz, OfficeHS, Win11)",15490000.0,Dell
332365,https://www.thegioididong.com/laptop/lenovo-loq-15iax9e-i5-83lk000bvn,"Laptop Lenovo Gaming LOQ 15IAX9E - 83LK000BVN (i5 12450HX, 16GB, 512GB, RTX 2050 4GB, Full HD 144Hz, Win11)",18490000.0,Lenovo
333104,https://www.thegioididong.com/laptop/dell-inspiron-15-3520-i7-71053682,"Laptop Dell Inspiron 15 3520 - 71053682 (i7 1255U, 16GB, 512GB, Full HD 120Hz, OfficeHS, Win11)",18990000.0,Dell
311176,https://www.thegioididong.com/laptop/hp-pavilion-15-eg3093tu-i5-8c5l4pa,"Laptop HP Pavilion 15 eg3093TU - 8C5L4PA (i5 1335U, 16GB, 512GB, Full HD, Win11)",17390000.0,HP
341612,https://www.thegioididong.com/laptop/msi-katana-15-b13vek-i7-13620h-2256vn,"Laptop MSI Katana 15 B13VEK - 2256VN (i7 13620H, 16GB, 512GB, RTX4050 6GB, Full HD 144Hz, Win11)",25190000.0,MSI
343120,https://www.thegioididong.com/laptop/acer-aspire-lite-15-al15-42p-r08m-r7-7730u-nx-d3qsv-001?utm_flashsale=1,"Laptop Acer Aspire Lite 15 AL15 42P R08M - NX.D3QSV.001 (R7 7730U, 16GB, 512GB, Full HD, OfficeH24+365, Win11)",14090000.0,Acer
335554,https://www.thegioididong.com/laptop/lenovo-loq-15irx9-i5-83dv003cvn,"Laptop Lenovo Gaming LOQ 15IRX9 - 83DV003CVN (i5 13450HX, 16GB, 512GB, RTX 3050 6GB, Full HD 144Hz, Win11)",24190000.0,Lenovo
325247,https://www.thegioididong.com/laptop/dell-inspiron-15-3530-i7-p16wd,"Laptop Dell Inspiron 15 3530 - P16WD (i7 1355U, 16GB, 1TB, Full HD 120Hz, OfficeHS, Win11)",21990000.0,Dell
325691,https://www.thegioididong.com/laptop/hp-15-fd0015tu-i7-a19c5pa,"Laptop HP 15 fd0015TU - A19C5PA (i7 1355U, 16GB, 512GB, Full HD, Win11)",19390000.0,HP
328238,https://www.thegioididong.com/laptop/asus-vivobook-k3605zc-i5-rp629w,"Laptop Asus Gaming Vivobook K3605ZC - RP629W (i5 12500H, 16GB, 512GB, RTX 3050 4GB, WUXGA 144Hz, Win11)",18390000.0,Asus
338206,https://www.thegioididong.com/laptop/hp-240-g10-i3-b73tjat,"Laptop HP 240 G10 - B73TJAT (i3 1315U, 8GB, 512GB, Full HD, Win11)",11590000.0,HP
327872,https://www.thegioididong.com/laptop/asus-fa507nur-r7-lp057w,"Laptop Asus TUF Gaming A15 FA507NUR - LP057W (R7 7435HS, 16GB, 512GB, RTX 4050 6GB, Full HD 144Hz, Win11)",24690000.0,Asus
337476,https://www.thegioididong.com/laptop/dell-inspiron-15-3520-i5-n3520i5u165w11slubl,"Laptop Dell Inspiron 15 3520 - N3520-i5U165W11SLU-BL (i5 1235U, 16GB, 512GB, Full HD 120Hz, OfficeH24+365, Win11)",15490000.0,Dell
326049,https://www.thegioididong.com/laptop/hp-245-g10-r5-a20tdpt,"Laptop HP 245 G10 - A20TDPT (R5 7530U, 8GB, 512GB, Full HD, Win11)",12190000.0,HP
331564,https://www.thegioididong.com/laptop/macbook-pro-14-inch-m4-16gb-512gb,Laptop MacBook Pro 14 inch M4 16GB/512GB,38290000.0,MacBook
326122,https://www.thegioididong.com/laptop/msi-katana-15-b13udxk-i7-2077vn,"Laptop MSI Gaming Katana 15 B13UDXK - 2077VN (i7 13620H, 16GB, 1TB, RTX 3050 6GB, Full HD 144Hz, Win11)",23790000.0,MSI
343121,https://www.thegioididong.com/laptop/acer-aspire-lite-15-al15-42p-r8e6-r5-7430u-nx-d34sv-001?utm_flashsale=1,"Laptop Acer Aspire Lite 15 AL15 42P R8E6 - NX.D34SV.001 (R5 7430U, 16GB, 512GB, Full HD, OfficeH24+365, Win11)",12090000.0,Acer
339687,https://www.thegioididong.com/laptop/asus-tuf-gaming-f16-fx607vj-core-5-rl034w,"Laptop Asus TUF Gaming F16 FX607VJ - RL034W (Core 5 210H, 16GB, 512GB, RTX 3050 6GB, Full HD+ 144Hz, Win11)",21690000.0,Asus
338278,https://www.thegioididong.com/laptop/lenovo-loq-15arp9-r7-83jc00j0vn,"Laptop Lenovo Gaming LOQ 15ARP9 - 83JC00J0VN (R7 7435HS, 24GB, 512GB, RTX 4050 6GB, Full HD 144Hz, Win11)",27690000.0,Lenovo
338324,https://www.thegioididong.com/laptop/asus-k3605vc-i5-rp364w,"Laptop Asus Gaming Vivobook K3605VC - RP364W (i5 13420H, 16GB, 512GB, RTX 3050 4GB, WUXGA 144Hz, Win11)",19190000.0,Asus
337474,https://www.thegioididong.com/laptop/dell-inspiron-15-3520-i5-n3520i5u085w11slu,"Laptop Dell Inspiron 15 3520 - N3520-i5U085W11SLU (i5 1235U, 8GB, 512GB, Full HD 120Hz, OfficeH24+365, Win11)",13490000.0,Dell
311177,https://www.thegioididong.com/laptop/hp-pavilion-15-eg3091tu-i7-8c5l2pa,"Laptop HP Pavilion 15 eg3091TU - 8C5L2PA (i7 1355U, 16GB, 512GB, Full HD, Win11)",20590000.0,HP
322072,https://www.thegioididong.com/laptop/lenovo-loq-gaming-15iax9-i5-83gs000jvn,"Laptop Lenovo Gaming LOQ 15IAX9 - 83GS000JVN (i5 12450HX, 16GB, 512GB, RTX 3050 6GB, Full HD 144Hz, Win11)",22490000.0,Lenovo
328906,https://www.thegioididong.com/laptop/hp-240-g9-i3-ag2j5at,"Laptop HP 240 G9 - AG2J5AT (i3 1215U, 8GB, 512GB, Full HD, Win11)",10390000.0,HP
310447,https://www.thegioididong.com/laptop/msi-katana-15-b13vfk-i7-676vn,"Laptop MSI Gaming Katana 15 B13VFK - 676VN (i7 13620H, 16GB, 1TB, RTX 4060 8GB, Full HD 144Hz, Win11)",29190000.0,MSI
343122,https://www.thegioididong.com/laptop/acer-aspire-lite-15-al15-72p-581v-i5-13500h-nx-d4csv-001?utm_flashsale=1,"Laptop Acer Aspire Lite 15 AL15 72P 581V - NX.D4CSV.001 (i5 13500H, 16GB, 512GB, Full HD, Win11)",14990000.0,Acer
339681,https://www.thegioididong.com/laptop/dell-inspiron-15-3530-i5-p16wd22,"Laptop Dell Inspiron 15 3530 - P16WD22 (i5 1334U, 16GB, 512GB, Full HD 120Hz, OfficeH24+365, Win11)",17490000.0,Dell
340560,https://www.thegioididong.com/laptop/dell-inspiron-15-3530-i5-71070372,"Laptop Dell Inspiron 15 3530 - 71070372 (i5 1334U, 16GB, 512GB, Full HD 120Hz, OfficeH24+365, Win11)",17490000.0,Dell
341270,https://www.thegioididong.com/laptop/hp-15-fd0234tu-core-5-120u-9q969pa-120u,"Laptop HP 15 fd0234TU - 9Q969PA-120U (Core 5 120U, 16GB, 512GB, Full HD, Win11)",16190000.0,HP
330162,https://www.thegioididong.com/laptop/asus-fa506nfr-r7-hn113w,"Laptop Asus TUF Gaming A15 FA506NFR - HN113W (R7 7435HS, 16GB, 512GB, RTX 2050 4GB, Full HD 144Hz, Win11)",17390000.0,Asus
338318,https://www.thegioididong.com/laptop/asus-x1502va-i7-bq986ws,"Laptop Asus Vivobook 15 X1502VA - BQ986WS (i7 13620H, 16GB, 512GB, Full HD, OfficeH24+365, Win11)",17190000.0,Asus
318163,https://www.thegioididong.com/laptop/hp-victus-15-fa1139tx-i5-8y6w3pa,"Laptop HP Gaming VICTUS 15 fa1139TX - 8Y6W3PA (i5 12450H, 16GB, 512GB, RTX 2050 4GB, Full HD 144Hz, Win11)",16990000.0,HP
339857,https://www.thegioididong.com/laptop/lenovo-loq-15arp9-r5-83jc00kuvn,"Laptop Lenovo Gaming LOQ 15ARP9 - 83JC00KUVN (R5 7235HS, 24GB, 1TB, RTX 3050 6GB, Full HD 144Hz, Win11)",23690000.0,Lenovo
335553,https://www.thegioididong.com/laptop/lenovo-loq-15irx9-i5-83dv00psvn,"Laptop Lenovo Gaming LOQ 15IRX9 - 83DV00PSVN (i5 13450HX, 24GB, 512GB, RTX 3050 6GB, Full HD 144Hz, Win11)",25190000.0,Lenovo
328814,https://www.thegioididong.com/laptop/hp-240-g9-i5-ag2j7at,"Laptop HP 240 G9 - AG2J7AT (i5 1235U, 16GB, 512GB, Full HD, Win11)",14990000.0,HP
327707,https://www.thegioididong.com/laptop/msi-cyborg-15-a13vek-i7-1423vn,"Laptop MSI Gaming Cyborg 15 A13VEK - 1423VN (i7 13620H, 16GB, 512GB, RTX 4050 6GB, Full HD 144Hz, Win11)",25190000.0,MSI
331566,https://www.thegioididong.com/laptop/macbook-pro-14-inch-m4-16gb-1tb,Laptop MacBook Pro 14 inch M4 16GB/1TB,44090000.0,MacBook
341607,https://www.thegioididong.com/laptop/acer-nitro-v-15-propanel-anv15-52-72bm-i7-13620h-nh-qz9sv-004?utm_flashsale=1,"Laptop Acer Gaming Nitro V 15 ProPanel ANV15 52 72BM - NH.QZ9SV.004 (i7 13620H, 16GB, 512GB, RTX5050 8GB, Full HD 180Hz, Win11)",30690000.0,Acer
327050,https://www.thegioididong.com/laptop/lenovo-loq-15iax9-i5-83gs00d9vn,"Laptop Lenovo Gaming LOQ 15IAX9 - 83GS00D9VN (i5 12450HX, 24GB, 512GB, RTX 3050 6GB, Full HD 144Hz, Win11)",22690000.0,Lenovo
340559,https://www.thegioididong.com/laptop/dell-inspiron-15-3530-i7-n3530-i7u161w11slu,"Laptop Dell Inspiron 15 3530 - N3530-i7U161W11SLU (i7 1355U, 16GB, 1TB, Full HD 120Hz, OfficeH24+365, Win11)",21990000.0,Dell
336036,https://www.thegioididong.com/laptop/asus-vivobook-15-x1504va-i5-bq2225ws,"Laptop Asus Vivobook 15 X1504VA - BQ2225WS (i5 1334U, 16GB, 512GB, Full HD, OfficeH24+365, Win11)",15190000.0,Asus
325697,https://www.thegioididong.com/laptop/acer-nitro-v-anv15-51-55ca-i5-nhqn8sv004,"Laptop Acer Gaming Nitro V ANV15 51 55CA - NH.QN8SV.004 (i5 13420H, 16GB, 512GB, RTX 4050 6GB, Full HD 144Hz, Win11)",23990000.0,Acer
334998,https://www.thegioididong.com/laptop/acer-aspire-5-a515-58gm-598j-i5-nxkw1sv002,"Laptop Acer Gaming Aspire 5 A515 58GM 598J - NX.KW1SV.002 (i5 13420H, 16GB, 512GB, RTX 2050 4GB, Full HD 144Hz, Win11)",17490000.0,Acer
328949,https://www.thegioididong.com/laptop/asus-vivobook-15-oled-a1505va-i5-ma467w,"Laptop Asus Vivobook 15 OLED A1505VA - MA467W (i5 13500H, 16GB, 512GB, 2.8K OLED 120Hz, Win11)",16690000.0,Asus
337042,https://www.thegioididong.com/laptop/hp-pavilion-16-af0053tu-ultra-7-ay8c2pa,"Laptop HP Pavilion 16 af0053TU - AY8C2PA (Ultra 7 155U, 16GB, 512GB, WUXGA, OfficeHS+365, Win11)",21490000.0,HP
326831,https://www.thegioididong.com/laptop/hp-pavilion-x360-14-ek2027tu-core-7-9z2v9pa,"Laptop HP Pavilion X360 14 ek2027TU - 9Z2V9PA (Core 7 150U, 16GB, 512GB, Full HD, Cảm ứng, Win11)",23790000.0,HP
327097,https://www.thegioididong.com/laptop/hp-15-fd1063tu-ultra-5-9z2y1pa,"Laptop HP 15 fd1063TU - 9Z2Y1PA (Ultra 5 125H, 16GB, 512GB, Full HD, Win11)",17590000.0,HP
335555,https://www.thegioididong.com/laptop/lenovo-ideapad-slim-5-oled-14irh10-i5-83hr005yvn,"Laptop Lenovo IdeaPad Slim 5 14IRH10 - 83HR005YVN (i5 13420H, 16GB, 1TB, WUXGA OLED, OfficeH24+365, Win11)",19990000.0,Lenovo
333103,https://www.thegioididong.com/laptop/dell-inspiron-15-3520-i7-25p2315,"Laptop Dell Inspiron 15 3520 - 25P2315 (i7 1255U, 16GB, 512GB, Full HD 120Hz, OfficeHS, KYHD, Win11)",18990000.0,Dell
341602,https://www.thegioididong.com/laptop/acer-aspire-lite-16-ai-al16-71p-5674-ultra-5-125h-nx-d4xsv-001,"Laptop Acer Aspire Lite 16 AI AL16 71P 5674 - NX.D4XSV.001 (Ultra 5 125H, 16GB, 512GB, Full HD+, Win11)",17690000.0,Acer
330932,https://www.thegioididong.com/laptop/msi-thin-15-b13uc-i7-1411vn,"Laptop MSI Gaming Thin 15 B13UC - 1411VN (i7 13620H, 32GB, 512GB, RTX 3050 4GB, Full HD 144Hz, Win11)",21590000.0,MSI
334689,https://www.thegioididong.com/laptop/gigabyte-g5-mf5-rc555-i5-9rc55mf5feiaa1vn0c0,"Laptop GIGABYTE Gaming G5 MF5 RC555 - 9RC55MF5FEIAA1VN0C0 (i5 13500H, 16GB, 512GB, RTX 4050 6GB, Full HD 144Hz, Win11)",20790000.0,GIGABYTE
338316,https://www.thegioididong.com/laptop/dell-inspiron-15-3530-i5-n3530-i5u165w11slu-bl,"Laptop Dell Inspiron 15 3530 - N3530-i5U165W11SLU-BL (i5 1334U, 16GB, 512GB, Full HD 120Hz, OfficeH24+365, Win11)",17490000.0,Dell
341618,https://www.thegioididong.com/laptop/hp-15-fd0235tu-core-5-120u-9q970pa-120u,"Laptop HP 15 fd0235TU - 9Q970PA_120U (Core 5 120U, 16GB, 512GB, Full HD, Win11)",16190000.0,HP
338322,https://www.thegioididong.com/laptop/asus-s3607va-i5-rp055ws?utm_flashsale=1,"Laptop Asus Vivobook S16 S3607VA - RP055WS (i5 13420H, 16GB, 512GB, WUXGA 144Hz, OfficeH24+365, Win11)",17490000.0,Asus
333102,https://www.thegioididong.com/laptop/dell-inspiron-15-3520-i7-n3520i7u165w11blufp,"Laptop Dell Inspiron 15 3520 - N3520-i7U165W11BLU-FP (i7 1255U, 16GB, 512GB, Full HD 120Hz, OfficeHS, Win11)",18990000.0,Dell
334794,https://www.thegioididong.com/laptop/asus-vivobook-16-x1605va-i5-mb1876ws?utm_flashsale=1,"Laptop Asus Vivobook 16 X1605VA - MB1876WS (i5 13420H, 16GB, 512GB, WUXGA, OfficeH24+365, Win11)",14690000.0,Asus
339202,https://www.thegioididong.com/laptop/acer-aspire-lite-14-al14-51p-35qd-i3-nxj84sv001,"Laptop Acer Aspire Lite 14 AL14 51P 35QD - NX.J84SV.001 (i3 1305U, 8GB, 512GB, Full HD+, Win11)",10790000.0,Acer
322222,https://www.thegioididong.com/laptop/acer-aspire-3-a314-42p-r3b3-r7-nxksfsv001,"Laptop Acer Aspire 3 A314 42P R3B3 - NX.KSFSV.001 (R7 5700U, 16GB, 512GB, WUXGA, Win11)",12690000.0,Acer
340479,https://www.thegioididong.com/laptop/hp-pavilion-15-eg3112tu-i7-8u6l9pa,"Laptop HP Pavilion 15 eg3112TU - 8U6L9PA (i7 1355U, 16GB, 512GB, Full HD, Win11)",20590000.0,HP
334449,https://www.thegioididong.com/laptop/lenovo-ideapad-slim-5-14ahp10-r7-83hv001mvn,"Laptop Lenovo IdeaPad Slim 5 OLED 14AHP10 - 83HV001MVN (R7 8845HS, 32GB, 512GB, WUXGA OLED, OfficeH24+365, Win11)",22490000.0,Lenovo
339587,https://www.thegioididong.com/laptop/lenovo-ideapad-slim-5-oled-14akp10-r7-ai-350-83hx0066vn,"Laptop Lenovo IdeaPad Slim 5 OLED 14AKP10 - 83HX0066VN (R7 AI 350, 32GB, 512GB, WUXGA OLED, Win11)",26190000.0,Lenovo
331568,https://www.thegioididong.com/laptop/macbook-pro-14-inch-m4-pro-24gb-512gb,Laptop MacBook Pro 14 inch M4 Pro 24GB/512GB,47690000.0,MacBook
326861,https://www.thegioididong.com/laptop/msi-gf63-thin-12ve-i5-460vn,"Laptop MSI Gaming GF63 Thin 12VE - 460VN (i5 12450H, 16GB, 512GB, RTX 4050 6GB, Full HD 144Hz, Win11)",20290000.0,MSI
337044,https://www.thegioididong.com/laptop/hp-pavilion-16-af0055tu-ultra-5-ay8c4pa,"Laptop HP Pavilion 16 af0055TU - AY8C4PA (Ultra 5 125U, 16GB, 512GB, WUXGA, OfficeHS+365, Win11)",19490000.0,HP
339581,https://www.thegioididong.com/laptop/lenovo-ideapad-slim-5-oled-14akp10-r5-ai-350-83hx0065vn,"Laptop Lenovo IdeaPad Slim 5 OLED 14AKP10 - 83HX0065VN (R5 AI 340, 32GB, 512GB, WUXGA OLED, Win11)",23990000.0,Lenovo
337472,https://www.thegioididong.com/laptop/dell-inspiron-15-3530-i7-71053721,"Laptop Dell Inspiron 15 3530 - 71053721 (i7 1355U, 16GB, 512GB, Full HD 120Hz, OfficeH24+365, Win11)",20990000.0,Dell
340491,https://www.thegioididong.com/laptop/lenovo-v14-g4-amn-r5-82yt00ynvn,"Laptop Lenovo V14 G4 AMN - 82YT00YNVN (R5 7520U, 16GB, 512GB, Full HD, Win11)",12490000.0,Lenovo
322270,https://www.thegioididong.com/laptop/asus-vivobook-x1404za-i5-nk376w,"Laptop Asus Vivobook 14 X1404ZA - NK376W (i5 1235U, 16GB, 512GB, Full HD, Win11)",13690000.0,Asus
338320,https://www.thegioididong.com/laptop/asus-s3407ca-ultra-5-ly095ws,"Laptop Asus Vivobook S14 S3407CA - LY095WS (Ultra 5 225H, 16GB, 512GB, WUXGA, OfficeH24+365, Win11)",20990000.0,Asus
313177,https://www.thegioididong.com/laptop/acer-aspire-7-gaming-a715-76g-5806-i5-nhqmfsv002,"Laptop Acer Gaming Aspire 7 A715 76G 5806 - NH.QMFSV.002 (i5 12450H, 16GB, 512GB, RTX 3050 4GB, Full HD 144Hz, Win11)",18690000.0,Acer
340484,https://www.thegioididong.com/laptop/hp-probook-455-g10-r5-b8pg7at,"Laptop HP Probook 455 G10 - B8PG7AT (R5 7530U, 16GB, 512GB, Full HD, Win11)",17690000.0,HP
314630,https://www.thegioididong.com/laptop/acer-aspire-5-a515-58gm-51lb-i5-nxkq4sv002,"Laptop Acer Gaming Aspire 5 A515 58GM 51LB - NX.KQ4SV.002 (i5 13420H, 16GB, 512GB, RTX 2050 4GB, Full HD, Win11)",16990000.0,Acer
337475,https://www.thegioididong.com/laptop/dell-inspiron-15-3520-i7-n3520i7u165w11slu-bl,"Laptop Dell Inspiron 15 3520 - N3520-i7U165W11SLU-BL (i7 1255U, 16GB, 512GB, Full HD 120Hz, OfficeH24+365, Win11)",18990000.0,Dell
340004,https://www.thegioididong.com/laptop/msi-katana-15-b13udxk-i5-2410vn,"Laptop MSI Gaming Katana 15 B13UDXK - 2410VN (i5 13420H, 16GB, 512GB, RTX 3050 6GB, Full HD 144Hz, Win11)",20190000.0,MSI
340558,https://www.thegioididong.com/laptop/dell-inspiron-15-3530-i5-n3530-i5u165w11slu-hs24,"Laptop Dell Inspiron 15 3530 - N3530-i5U165W11SLU-HS24 (i5 1334U, 16GB, Full HD 120Hz, OfficeH24+365, Win11)",17490000.0,Dell
334795,https://www.thegioididong.com/laptop/asus-vivobook-16-x1605va-i7-mb1875ws?utm_flashsale=1,"Laptop Asus Vivobook 16 X1605VA - MB1875WS (i7 13620H, 16GB, 512GB, WUXGA, OfficeH24+365, Win11)",17490000.0,Asus
327896,https://www.thegioididong.com/laptop/asus-fa507nvr-r7-lp007w,"Laptop Asus TUF Gaming A15 FA507NVR - LP007W (R7 7435HS, 16GB, 512GB, RTX 4060 8GB, Full HD 144Hz, Win11)",26190000.0,Asus
340478,https://www.thegioididong.com/laptop/hp-pavilion-15-eg3095tu-i5-8c5l6pa-16g,"Laptop HP Pavilion 15 eg3095TU - 8C5L6PA-16G (i5 1335U, 16GB, 512GB, Full HD, Win11)",17390000.0,HP
337473,https://www.thegioididong.com/laptop/dell-inspiron-15-3520-i5-1235u-n3520i5u085w11blufp,"Laptop Dell Inspiron 15 3520 - N3520-i5U085W11BLU-FP (i5 1235U, 8GB, 512GB, Full HD 120Hz, OfficeH24+365, Win11)",13490000.0,Dell
333421,https://www.thegioididong.com/laptop/acer-aspire-lite-16-g2-al16-52p-76du-i7-nxj2ssv005,"Laptop Acer Aspire Lite 16 G2 AL16 52P 76DU - NX.J2SSV.005 (i7 1355U, 16GB, 512GB, Full HD+, Win11)",17690000.0,Acer
332578,https://www.thegioididong.com/laptop/acer-aspire-7-a715-76-53pj-i5-nhqgesv007,"Laptop Acer Aspire 7 A715 76 53PJ - NH.QGESV.007 (i5 12450H, 16GB, 512GB, Full HD, Win11)",13990000.0,Acer
340481,https://www.thegioididong.com/laptop/hp-pavilion-x360-14-ek2013tu-core-7-9z2v4pa,"Laptop HP Pavilion X360 14 ek2013TU - 9Z2V4PA (Core 7 150U, 16GB, 512GB, Full HD, Cảm ứng, Win11)",23790000.0,HP
322073,https://www.thegioididong.com/laptop/lenovo-ideapad-slim-3-15irh8-i7-83em003fvn,"Laptop Lenovo Ideapad Slim 3 15IRH8 - 83EM003FVN (i7 13620H, 16GB, 1TB, Full HD, Win11)",17490000.0,Lenovo
340487,https://www.thegioididong.com/laptop/lenovo-legion-5-15irx10-i7-83ly00a6vn,"Laptop Lenovo Gaming Legion 5 15IRX10 - 83LY00A6VN (i7 14700HX, 24GB, 512GB, RTX 5050 8GB, WQXGA OLED 165Hz, OfficeH24, Win11)",39290000.0,Lenovo
332450,https://www.thegioididong.com/laptop/macbook-pro-14-nano-m4-pro-24-512,Laptop MacBook Pro 14 inch Nano M4 Pro 24GB/512GB,51290000.0,MacBook
308697,https://www.thegioididong.com/laptop/msi-gaming-gf63-thin-12ve-i5-460vn,"Laptop MSI Gaming GF63 Thin 12VE - 460VN (i5 12450H, 8GB, 512GB, RTX 4050 6GB, Full HD 144Hz, Win11)",19290000.0,MSI
317704,https://www.thegioididong.com/laptop/asus-vivobook-14-x1404va-i5-nk050w,"Laptop Asus Vivobook 14 X1404V - NK050W (i5 1335U, 16GB, 512GB, Full HD, Win11)",14690000.0,Asus
325479,https://www.thegioididong.com/laptop/asus-vivobook-s-16-oled-s5606ma-ultra-5-mx050w?utm_flashsale=1,"Laptop Asus Vivobook S 16 OLED S5606MA - MX050W (Ultra 5 125H, 16GB, 512GB, 3.2K OLED 120Hz, Win11)",23190000.0,Asus
333105,https://www.thegioididong.com/laptop/dell-inspiron-15-3520-i7-n5i7125w1,"Laptop Dell Inspiron 15 3520 - N5I7125W1 (i7 1255U, 16GB, 512GB, Full HD 120Hz, OfficeHS, KYHD, Win11)",18990000.0,Dell
337469,https://www.thegioididong.com/laptop/dell-inspiron-15-3520-i5-71054775,"Laptop Dell Inspiron 15 3520 - 71054775 (i5 1235U, 16GB, 512GB, Full HD 120Hz, OfficeH24+365, KYHD, Win11)",15490000.0,Dell
337041,https://www.thegioididong.com/laptop/hp-pavilion-16-af0052tu-ultra-7-ay8c1pa,"Laptop HP Pavilion 16 af0052TU - AY8C1PA (Ultra 7 155U, 16GB, 1TB, WUXGA, OfficeHS+365, Win11)",22490000.0,HP
333423,https://www.thegioididong.com/laptop/acer-aspire-lite-16-g2-al16-52p-572a-i5-nxj2ssv004,"Laptop Acer Aspire Lite 16 G2 AL16 52P 572A - NX.J2SSV.004 (i5 1334U, 16GB, 512GB, Full HD+, Win11)",14690000.0,Acer
341604,https://www.thegioididong.com/laptop/acer-aspire-7-a715-59g-73lb-i7-12650h-nh-qx6sv-002,"Laptop Acer Aspire 7 A715 59G 73LB - NH.QX6SV.002 (i7 12650H, 16GB, 512GB, RTX 3050 6GB, Full HD 144Hz, Win11)",23290000.0,Acer
313974,https://www.thegioididong.com/laptop/hp-gaming-victus-16-s0077ax-r7-8c5n6pa,"Laptop HP Gaming VICTUS 16 s0077AX - 8C5N6PA (R7 7840HS, 16GB, 512GB, RTX 3050 6GB, Full HD 144Hz, Win11)",22490000.0,HP
339656,https://www.thegioididong.com/laptop/lenovo-thinkpad-e16-ultra-5-21sr002qvn,"Laptop Lenovo ThinkPad E16 - 21SR002QVN (Ultra 5 225H, 32GB, 512GB, WUXGA, Win11)",26490000.0,Lenovo
332370,https://www.thegioididong.com/laptop/lenovo-thinkbook-16-g7-ultra-7-21ms007hvn,"Laptop Lenovo ThinkBook 16 G7 - 21MS007HVN (Ultra 7 155U, 32GB, 1TB, WUXGA, Win11)",28390000.0,Lenovo
314849,https://www.thegioididong.com/laptop/msi-bravo-15-b7ed-r5-010vn,"Laptop MSI Gaming Bravo 15 B7ED - 010VN (R5 7535HS, 16GB, 512GB, RX 6550M 4GB, Full HD 144Hz, Win11)",17190000.0,MSI
334440,https://www.thegioididong.com/laptop/lenovo-ideapad-5-2in1-14irh9-i5-83kx003wvn,"Laptop Lenovo IdeaPad 5 2in1 14IRH9 - 83KX003WVN (i5 13420H, 16GB, 512GB, WUXGA OLED, Cảm ứng, Win11)",19990000.0,Lenovo
342469,https://www.thegioididong.com/laptop/dell-inspiron-15-3530-i7-1355u-n5i7421w1,"Laptop Dell Inspiron 15 3530 - N5I7421W1 (i7 1355U, 16GB, 512GB,  Full HD 120Hz, OfficeHS24+365, Win11)",20990000.0,Dell
327977,https://www.thegioididong.com/laptop/asus-vivobook-15-x1504za-i5-nj1546w,"Laptop Asus Vivobook 15 X1504ZA - NJ1546W (i5 1235U, 16GB, 512GB, Full HD, Win11)",13690000.0,Asus
330578,https://www.thegioididong.com/laptop/asus-fa506ncr-r7-hn097w,"Laptop Asus TUF Gaming A15 FA506NCR - HN097W (R7 7435HS, 16GB, 512GB, RTX 3050 4GB, Full HD 144Hz, Win11)",19390000.0,Asus
337043,https://www.thegioididong.com/laptop/hp-pavilion-16-af0054tu-ultra-5-ay8c3pa,"Laptop HP Pavilion 16 af0054TU - AY8C3PA (Ultra 5 125U, 16GB, 1TB, WUXGA, OfficeHS+365, Win11)",20490000.0,HP
319657,https://www.thegioididong.com/laptop/acer-nitro-v-anv15-51-53ne-i5-nhqnasv002,"Laptop Acer Gaming Nitro V ANV15 51 53NE - NH.QNASV.002 (i5 13420H, 16GB, 512GB, RTX 2050 4GB, Full HD 144Hz, Win11)",17590000.0,Acer
325953,https://www.thegioididong.com/laptop/dell-inspiron-14-5440-core-7-7fn5j,"Laptop Dell Inspiron 14 5440 - 7FN5J (Core 7 150U, 16GB, 1TB, Full HD+, OfficeHS, Win11)",24490000.0,Dell
331506,https://www.thegioididong.com/laptop/hp-envy-x360-14-fc0162tu-ultra-5-ay8x1pa,"Laptop HP Envy x360 14 fc0162TU - AY8X1PA (Ultra 5 125U, 16GB, 512GB, 2.8K OLED, Cảm ứng, OfficeHS, Win11)",25890000.0,HP
333424,https://www.thegioididong.com/laptop/acer-aspire-16-ai-a16-71m-59l5-ultra-5-nxj4ysv001,"Laptop Acer Aspire 16 AI A16 71M 59L5 - NX.J4YSV.001 (Ultra 5 125H, 16GB, 512GB, Full HD+, Win11)",17690000.0,Acer
326641,https://www.thegioididong.com/laptop/lenovo-thinkpad-v14-i7-83a00012vn,"Laptop Lenovo V14 G4 - 83A00012VN (i7 1355U, 16GB, 512GB, Full HD, Win11)",17890000.0,Lenovo
339652,https://www.thegioididong.com/laptop/lenovo-thinkbook-14-ultra-7-21sj006yvn,"Laptop Lenovo ThinkBook 14 - 21SJ006YVN (Ultra 7 255H, 32GB, 1TB, WUXGA, Win11)",30290000.0,Lenovo
322100,https://www.thegioididong.com/laptop/msi-gaming-sword-16-hx-b14vfkg-i7-045vn,"Laptop MSI Gaming Sword 16 HX B14VFKG - 045VN (i7 14700HX, 16GB, 1TB, RTX 4060 8GB, QHD+ 240Hz, Win11)",36690000.0,MSI
329853,https://www.thegioididong.com/laptop/dell-inspiron-15-3520-i5-n3520i5u165w11blufp,"Laptop Dell Inspiron 15 3520 - N3520-i5U165W11BLU-FP (i5 1235U, 16GB, 512GB, Full HD 120Hz, OfficeHS, Win11)",15490000.0,Dell
327898,https://www.thegioididong.com/laptop/asus-fx507vu-i7-lp186w,"Laptop Asus TUF Gaming F15 FX507VU - LP186W (i7 13620H, 16GB, 512GB, RTX 4050 6GB, Full HD 144Hz, Win11)",26690000.0,Asus
341568,https://www.thegioididong.com/laptop/dell-inspiron-15-3520-i7-1255-71069748,"Laptop Dell Inspiron 15 3520 - 71069748 (i7 1255U, 16GB, 512GB, Full HD 120Hz, OfficeH24+365, Win11)",18990000.0,Dell
310839,https://www.thegioididong.com/laptop/asus-vivobook-15-oled-a1505va-i5-l1341w,"Laptop Asus Vivobook 15 OLED A1505VA - L1341W (i5 13500H, 16GB, 512GB, Full HD OLED, Win11)",16190000.0,Asus
340483,https://www.thegioididong.com/laptop/hp-pavilion-x360-14-ek2017tu-core-5-9z2v5pa,"Laptop HP Pavilion X360 14 ek2017TU - 9Z2V5PA (Core 5 120U, 16GB, 512GB, Full HD, Cảm ứng, Win11)",21290000.0,HP
338312,https://www.thegioididong.com/laptop/dell-inspiron-14-5440-core-5-n4i5211w1,"Laptop Dell Inspiron 14 5440 - N4I5211W1 (Core 5 120U, 16GB, 512GB, Full HD+, OfficeHS, Win11)",21990000.0,Dell
339201,https://www.thegioididong.com/laptop/acer-nitro-lite-16-nl16-71g-71uj-i7-nhd59sv002,"Laptop Acer Gaming Nitro Lite 16 NL16 71G 71UJ - NH.D59SV.002 (i7 13620H, 16GB, 512GB, RTX 3050 6GB, Full HD+ 165Hz, Win11)",23590000.0,Acer
325699,https://www.thegioididong.com/laptop/acer-aspire-a515-58gm-53pz-i5-nxkq4sv008,"Laptop Acer Gaming Aspire A515 58GM 53PZ - NX.KQ4SV.008 (i5 13420H, 8GB, 512GB, RTX 2050 4GB, Full HD, Win11)",16390000.0,Acer
339653,https://www.thegioididong.com/laptop/lenovo-thinkbook-16-g8-irl-core-5-21sh0097vn,"Laptop Lenovo ThinkBook 16 G8 IRL - 21SH0097VN (Core 5 210H, 16GB, 512GB, WUXGA, Win11)",22490000.0,Lenovo
329736,https://www.thegioididong.com/laptop/lenovo-v14-core-5-83hd0001vn,"Laptop Lenovo V14 - 83HD0001VN (Core 5 120U, 16GB, 512GB, Full HD, Win11)",17590000.0,Lenovo
339265,https://www.thegioididong.com/laptop/hp-elitebook-635-aero-g11-r7-b91d3pt,"Laptop HP EliteBook 635 Aero G11 - B91D3PT (R7 8840HS, 32GB, 512GB, WUXGA, Win11)",27190000.0,HP
327710,https://www.thegioididong.com/laptop/msi-modern-14-c13m-i5-611vn?utm_flashsale=1,"Laptop MSI Modern 14 C13M - 611VN (i5 1335U, 16GB, 512GB, Full HD, Win11)",13490000.0,MSI
340565,https://www.thegioididong.com/laptop/asus-vivobook-a1505va-i7-ma570ws,"Laptop Asus Vivobook 15 OLED A1505VA - MA570WS (i7 13620H, 16GB, 512GB, 2.8K OLED 120Hz, OfficeH24+365, Win11)",19990000.0,Asus
340562,https://www.thegioididong.com/laptop/dell-15-dc15250-i7-dc5i7748w1,"Laptop Dell 15 DC15250 - DC5I7748W1 (i7 1355U, 16GB, 512GB, Full HD+ 120Hz, OfficeH24+365, Win11)",20990000.0,Dell
325477,https://www.thegioididong.com/laptop/asus-asus-vivobook-15-oled-a1505za-i5-ma415w,"Laptop Asus Vivobook 15 OLED A1505ZA - MA415W (i5 12500H, 16GB, 512GB, 2.8K OLED 120Hz, Win11)",16190000.0,Asus
342526,https://www.thegioididong.com/laptop/lenovo-gaming-loq-15irx9-i7-83dv01amvn,"Laptop Lenovo Gaming LOQ 15IRX9 - 83DV01AMVN (i7 13650HX, 16GB, 1TB, RTX 4050 6GB, Full HD 144Hz, Win11)",29990000.0,Lenovo
323325,https://www.thegioididong.com/laptop/hp-240-g10-i5-9h2e4pt?utm_flashsale=1,"Laptop HP 240 G10 - 9H2E4PT (i5 1335U, 16GB, 512GB, Full HD, Win11)",16190000.0,HP
329852,https://www.thegioididong.com/laptop/dell-inspiron-7440-core-7-n7440c7u161w11ibu,"Laptop Dell Inspiron 7440 - N7440-C7U161W11IBU (Core 7 150U, 16GB, 1TB, Full HD+, Cảm ứng, OfficeHS, Win11)",29890000.0,Dell
333425,https://www.thegioididong.com/laptop/acer-aspire-16-ai-a16-71m-71u7-ultra-7-nxj4ysv002,"Laptop Acer Aspire 16 AI A16 71M 71U7 - NX.J4YSV.002 (Ultra 7 155H, 16GB, 512GB, Full HD+, Win11)",19690000.0,Acer
339655,https://www.thegioididong.com/laptop/lenovo-thinkbook-16-ultra-7-21sk006yvn,"Laptop Lenovo ThinkBook 16 - 21SK006YVN (Ultra 7 255H, 32GB, 1TB, WUXGA, Win11)",31090000.0,Lenovo
302209,https://www.thegioididong.com/laptop/hp-pavilion-15-eg2088tu-i7-7c0r0pa?utm_flashsale=1,"Laptop HP Pavilion 15 eg2088TU - 7C0R0PA (i7 1260P, 16GB, 512GB, Full HD, Win11)",19190000.0,HP
338000,https://www.thegioididong.com/laptop/msi-katana-15-b13vek-i5-2416vn,"Laptop MSI Gaming Katana 15 B13VEK - 2416VN (i5 13420H, 16GB, 512GB, RTX 4050 6GB, Full HD 144Hz, Win11)",23290000.0,MSI
309375,https://www.thegioididong.com/laptop/asus-vivobook-16-x1605va-i5-mb360w?utm_flashsale=1,"Laptop Asus Vivobook 16 X1605VA - MB360W (i5 1335U, 16GB, 512GB, WUXGA, Win11)",14390000.0,Asus
335170,https://www.thegioididong.com/laptop/asus-x1404va-i5-nk771ws,"Laptop Asus Vivobook 14 X1404VA - NK771WS (i5 1334U, 16GB, 512GB, Full HD, OfficeH24+365, Win11)",14990000.0,Asus
325244,https://www.thegioididong.com/laptop/dell-inspiron-14-5440-core-7-n4i7204w1,"Laptop Dell Inspiron 14 5440 - N4I7204W1 (Core 7 150U, 16GB, 512GB, Full HD+, OfficeHS, Win11)",23990000.0,Dell
328443,https://www.thegioididong.com/laptop/hp-victus-16-s0173ax-r5-a9lg9pa?utm_flashsale=1,"Laptop HP Gaming VICTUS 16 s0173AX - A9LG9PA (R5 7640HS, 16GB, 512GB, RTX 3050 6GB, Full HD 144Hz, Win11)",19690000.0,HP
338279,https://www.thegioididong.com/laptop/lenovo-ideapad-slim-5-oled-15arp10-r7-83j3002svn,"Laptop Lenovo IdeaPad Slim 5 OLED 15ARP10 - 83J3002SVN (R7 7735HS, 32GB, 512GB, WQXGA OLED 165Hz, Win11)",22690000.0,Lenovo
304543,https://www.thegioididong.com/laptop/acer-aspire-3-a315-59-5283-i5-nxk6tsv00b,"Laptop Acer Aspire 3 A315 59 5283 - NX.K6TSV.00B (i5 1235U, 8GB, 512GB, Full HD, Win11)",11990000.0,Acer
332368,https://www.thegioididong.com/laptop/lenovo-thinkbook-14-g7-ultra-7-21mr0070vn,"Laptop Lenovo ThinkBook 14 G7 - 21MR0070VN (Ultra 7 155U, 32GB, 1TB, WUXGA, Win11)",28290000.0,Lenovo
326637,https://www.thegioididong.com/laptop/acer-aspire-lite-14-51m-59bn-i5-nxktxsv001,"Laptop Acer Aspire Lite 14 51M 59BN - NX.KTXSV.001 (i5 1235U, 16GB, 512GB, Full HD+, Win11)",13690000.0,Acer
329429,https://www.thegioididong.com/laptop/hp-victus-16-r0283tx-i5-ad9t3pa?utm_flashsale=1,"Laptop HP Gaming VICTUS 16 r0283TX - AD9T3PA (i5 13500H, 16GB, 512GB, RTX 3050 6GB, Full HD 144Hz, Win11)",20090000.0,HP
328474,https://www.thegioididong.com/laptop/dell-inspiron-15-3530-i7-n5i7301w1,"Laptop Dell Inspiron 15 3530 - N5I7301W1 (i7 1355U, 16GB, 512GB, Full HD 120Hz, Office365, KYHD, Win11)",20990000.0,Dell
328483,https://www.thegioididong.com/laptop/lenovo-loq-15iax9-i5-83gs00dbvn,"Laptop Lenovo Gaming LOQ 15IAX9 - 83GS00DBVN (i5 12450HX, 24GB, 512GB, RTX 2050 4GB, Full HD 144Hz, Win11)",20490000.0,Lenovo
316941,https://www.thegioididong.com/laptop/msi-gaming-gf63-thin-12uc-i7-887vn,"Laptop MSI Gaming GF63 Thin 12UC - 887VN (i7 12650H, 8GB, 512GB, RTX 3050 4GB, Full HD 144Hz, Win11)",18190000.0,MSI
317712,https://www.thegioididong.com/laptop/asus-vivobook-x1404za-i3-nk246w,"Laptop Asus Vivobook 14 X1404ZA - NK246W (i3 1215U, 8GB, 512GB, Full HD, Win11)",9990000.0,Asus
340561,https://www.thegioididong.com/laptop/dell-15-dc15250-i5-dc5i5357w1,"Laptop Dell 15 DC15250 - DC5I5357W1 (i5 1334U, 16GB, 512GB, Full HD+ 120Hz, OfficeH24+365, Win11)",17490000.0,Dell
338317,https://www.thegioididong.com/laptop/dell-inspiron-15-3530-i7-n3530-i7u161w11slu-bl,"Laptop Dell Inspiron 15 3530 - N3530-i7U161W11SLU-BL (i7 1355U, 16GB, 1TB, Full HD 120Hz, OfficeH24+365, Win11)",21990000.0,Dell
333094,https://www.thegioididong.com/laptop/asus-rog-strix-g16-g614ju-i7-n3509w,"Laptop Asus Gaming ROG Strix G16 G614JU - N3509W (i7 13650HX, 32GB, 1TB, RTX 4050 6GB, Full HD+ 165Hz, Win11)",34190000.0,Asus
323335,https://www.thegioididong.com/laptop/hp-elitebook-630-g10-i5-19j0b4pt,"Laptop HP Elitebook 630 G10 - 9J0B4PT (i5 1335U, 16GB, 512GB, Full HD, Win11)",20990000.0,HP
272282,https://www.thegioididong.com/laptop/acer-nitro-5-tiger-an515-58-52sp-i5-nhqfhsv001,"Laptop Acer Gaming Nitro 5 Tiger AN515 58 52SP - NH.QFHSV.001 (i5 12500H, 8GB, 512GB, RTX 3050 4GB, Full HD 144Hz, Win11)",18690000.0,Acer
313973,https://www.thegioididong.com/laptop/hp-gaming-victus-16-r0130tx-i5-8c5n5pa?utm_flashsale=1,"Laptop HP Gaming VICTUS 16 r0130TX - 8C5N5PA (i5 13500H, 16GB, 512GB, RTX 3050 6GB, Full HD 144Hz, Win11)",20090000.0,HP
321436,https://www.thegioididong.com/laptop/acer-aspire-a315-44p-r9w8-r7-nxksjsv002,"Laptop Acer Aspire A315 44P R9W8 - NX.KSJSV.002 (R7 5700U, 8GB, 512GB, Full HD, Win11)",10990000.0,Acer
329112,https://www.thegioididong.com/laptop/lenovo-v15-g5-irl-core-5-83hf0000vn,"Laptop Lenovo V15 G5 IRL - 83HF0000VN (Core 5 120U, 16GGB, 512GB, Full HD, Win11)",17990000.0,Lenovo
336968,https://www.thegioididong.com/laptop/msi-venturepro-16-ai-a1veg-ultra-7-003vn,"Laptop MSI VenturePro 16 AI A1VEG - 003VN (Ultra 7 155H, 16GB, 512GB, RTX 4050 6GB, 2K OLED 120Hz, Win11)",33690000.0,MSI
339616,https://www.thegioididong.com/laptop/lenovo-ideapad-slim-5-oled-14iah10-ultra-7-83nc001avn,"Laptop Lenovo IdeaPad Slim 5 OLED 14IAH10 - 83NC001AVN (Ultra 7 255H, 24GB, 1TB, WUXGA OLED, Win11)",26490000.0,Lenovo
329787,https://www.thegioididong.com/laptop/msi-prestige-14-ai-studio-c1udxg-ultra-7-058vn,"Laptop MSI Prestige 14 AI Studio C1UDXG - 058VN (Ultra 7 155H, 16GB, 1TB, RTX 3050 6GB, Full HD+ 144Hz, Win11)",29190000.0,MSI
337471,https://www.thegioididong.com/laptop/dell-inspiron-15-3530-i5-71053696,"Laptop Dell Inspiron 15 3530 - 71053696 (i5 1334U, 16GB, 512GB, Full HD 120Hz, OfficeH24+365, KYHD, Win11)",17490000.0,Dell
336031,https://www.thegioididong.com/laptop/asus-zenbook-14-ux3405ca-ultra-9-pz204ws,"Laptop Asus Zenbook 14 UX3405CA - PZ204WS (Ultra 9 285H, 32GB, 1TB, 2.8K 120Hz, Cảm ứng, OfficeH24+365, Win11)",36490000.0,Asus
335171,https://www.thegioididong.com/laptop/asus-vivobook-16-a1607ca-ultra-5-mb038ws?utm_flashsale=1,"Laptop Asus Vivobook 16 A1607CA - MB038WS (Ultra 5 225H, 16GB, 512GB, WUXGA, OfficeH24+365, Win11)",19490000.0,Asus
333872,https://www.thegioididong.com/laptop/hp-elitebook-635-aero-g11-r5-a8ws6pt,"Laptop HP Elitebook 635 Aero G11 - A8WS6PT (R5 8640U, 16GB, 512GB, WUXGA, Win11)",23190000.0,HP
326876,https://www.thegioididong.com/laptop/acer-aspire-lite-14-51m-36pn-i3-nxktwsv001,"Laptop Acer Aspire Lite 14 51M 36PN - NX.KTWSV.001 (i3 1215U, 8GB, 512GB, Full HD+, Win11)",9990000.0,Acer
337843,https://www.thegioididong.com/laptop/gigabyte-a16-ga6h-i5-gaminga16cmhh2vn893sh,"Laptop GIGABYTE Gaming A16 GA6H - GAMING-A16-CMHH2VN893SH (i5 13420H, 16GB, 512GB, RTX 4050 6GB, WUXGA 165Hz, Win11)",23390000.0,GIGABYTE
327506,https://www.thegioididong.com/laptop/acer-swift-go-14-41-r251-r5-nxkg3sv005,"Laptop Acer Swift Go 14 41 R251 - NX.KG3SV.005 (R5 7430U, 16GB, 1TB, Full HD, Win11)",18390000.0,Acer
328815,https://www.thegioididong.com/laptop/hp-envy-x360-14-fa0050au-r5-a29h8pa?utm_flashsale=1,"Laptop HP Envy X360 14 fa0050AU - A29H8PA (R5 8640HS, 16GB, 512GB, 2.8K OLED, Cảm ứng, Win11)",25190000.0,HP
333197,https://www.thegioididong.com/laptop/lenovo-yoga-slim-7-15ill9-ultra-7-83hm000gvn,"Laptop Lenovo Yoga Slim 7 15ILL9 - 83HM000GVN (Ultra 7 258V, 32GB, 1TB, 2.8K 120Hz, Cảm ứng, OfficeHS, Win11)",40990000.0,Lenovo
339952,https://www.thegioididong.com/laptop/msi-vector-16-hx-ai-a2xwhg-ultra-7-255hx-010vn-32gb,"Laptop MSI Gaming Vector 16 HX AI A2XWHG - 010VN_32GB (Ultra 7 255HX, 32GB, 512GB, RTX 5070Ti 12GB, QHD+ 240Hz, Win11)",50690000.0,MSI
313627,https://www.thegioididong.com/laptop/lenovo-ideapad-1-15alc7-r7-82r400c1vn,Laptop Lenovo Ideapad 1 15ALC7 R7 5700U/16GB/512GB/Win11 (82R400C1VN),12990000.0,Lenovo
339688,https://www.thegioididong.com/laptop/asus-gaming-v16-v3607vu-core-5-rp192w,"Laptop Asus Gaming V16 V3607VU - RP192W (Core 5 210H, 16GB, 512GB, RTX 4050 6GB, WUXGA 144Hz, Win11)",24690000.0,Asus
331508,https://www.thegioididong.com/laptop/dell-inspiron-15-3530-i7-n3530i7u161w11blufp,"Laptop Dell Inspiron 15 3530 - N3530-i7U161W11BLU-FP (i7 1355U, 16GB, 1TB, Full HD 120Hz, OfficeHS, Win11)",21990000.0,Dell
333107,https://www.thegioididong.com/laptop/dell-inspiron-14-5440-i5-ndy5v1,"Laptop Dell Inspiron 14 5440 - NDY5V1 (i5 1334U, 16GB, 512GB, Full HD+, OfficeHS, Win11)",19990000.0,Dell
339684,https://www.thegioididong.com/laptop/asus-tuf-gaming-f16-fx608jhr-i7-rv037w,"Laptop Asus TUF Gaming F16 FX608JHR - RV037W (i7 14650HX, 16GB, 1TB, RTX 5050 8GB, WUXGA 165Hz, Win11)",36990000.0,Asus
338208,https://www.thegioididong.com/laptop/hp-envy-x360-14-fa0047au-r7-a19bppa,"Laptop HP Envy X360 14 fa0047AU - A19BPPA (R7 8840HS, 16GB, 1TB, 2.8K OLED, Cảm ứng, Win11)",30790000.0,HP
327406,https://www.thegioididong.com/laptop/hp-probook-450-g10-i5-9h1n5pt,"Laptop HP Probook 450 G10 - 9H1N5PT (i5 1335U, 16GB, 512GB, Full HD, Win11)",19990000.0,HP
327507,https://www.thegioididong.com/laptop/acer-aspire-5-a515-58m-79r7-i7-nxkq8sv007,"Laptop Acer Aspire 5 A515 58M 79R7 - NX.KQ8SV.007 (i7 13620H, 16GB, 512GB, Full HD, Win11)",18690000.0,Acer
341626,https://www.thegioididong.com/laptop/acer-nitro-v-15-propanel-anv15-52-59aa-i5-13420h-nh-qz9sv-002,"Laptop Acer Gaming Nitro V 15 ProPanel ANV15 52 59AA - NH.QZ9SV.002 (i5 13420H, 16GB, 512GB, RTX 5050 8GB, Full HD 180Hz, Win11)",29690000.0,Acer
341603,https://www.thegioididong.com/laptop/acer-nitro-v-15-propanel-anv15-41-r7cr-r5-7535hs-nh-qpesv-003?utm_flashsale=1,"Laptop Acer Gaming Nitro V 15 ProPanel ANV15 41 R7CR - NH.QPESV.003 (R5 7535HS, 16GB, 512GB, RTX 4050 6GB, Full HD 180Hz, Win11)",24690000.0,Acer
328130,https://www.thegioididong.com/laptop/lenovo-thinkbook-14-ultra-7-21mr0072vn,"Laptop Lenovo ThinkBook 14 - 21MR0072VN (Ultra 7 155U, 16GB, 512GB, WUXGA, Win11)",25590000.0,Lenovo
339954,https://www.thegioididong.com/laptop/msi-modern-14-f1mg-core-5-432vn?utm_flashsale=1,"Laptop MSI Modern 14 F1MG - 432VN (Core 5 120U, 16GB, 512GB, Full HD, Win11)",16090000.0,MSI
326558,https://www.thegioididong.com/laptop/lenovo-ideapad-slim-5-14imh9-ultra-7-83da001yvn,"Laptop Lenovo Ideapad Slim 5 14IMH9 - 83DA001YVN (Ultra 7 155H, 32GB, 512GB, WUXGA OLED, Win11)",26490000.0,Lenovo
337842,https://www.thegioididong.com/laptop/gigabyte-g6-mf-rc56-i7-9rc56mf0hjiixivn000,"Laptop GIGABYTE Gaming G6 MF RC56 - 9RC56MF0HJIIXIVN000 (i7 13620H, 16GB, 512GB, RTX 4050 6GB, WUXGA 165Hz, Win11)",22790000.0,GIGABYTE
338315,https://www.thegioididong.com/laptop/dell-latitude-3450-i7-71058806,"Laptop Dell Latitude 3450 - 71058806 (i7 1355U, 16GB, 512GB, Full HD, Win11)",24490000.0,Dell
328951,https://www.thegioididong.com/laptop/asus-gaming-vivobook-k3605zu-i5-rp296w,"Laptop Asus Gaming Vivobook K3605ZU - RP296W (i5 12500H, 16GB, 512GB, RTX 4050 6GB, WUXGA 144Hz, Win11)",22690000.0,Asus
327409,https://www.thegioididong.com/laptop/hp-elitebook-630-g10-i7-9h1n9pt,"Laptop HP Elitebook 630 G10 - 9H1N9PT (i7 1355U, 16GB, 512GB, Full HD, Win11)",24990000.0,HP
328950,https://www.thegioididong.com/laptop/asus-vivobook-15-oled-a1505va-i9-ma586ws,"Laptop Asus Vivobook 15 OLED A1505VA - MA586WS (i9 13900H, 16GB, 512GB, 2.8K OLED 120Hz, OfficeHS, Win11)",22990000.0,Asus
327981,https://www.thegioididong.com/laptop/dell-inspiron-15-3530-i5-n3530i5u165w11slu,"Laptop Dell Inspiron 15 3530 - N3530-i5U165W11SLU (i5 1334U, 16GB, 512GB, Full HD 120Hz, OfficeHS, Win11)",17490000.0,Dell
341267,https://www.thegioididong.com/laptop/hp-omnibook-5-ai-16-af1048tu-ultra-5-225u-bz7q9pa,"Laptop HP OmniBook 5 AI 16 af1048TU - BZ7Q9PA (Ultra 5 225U, 16GB, 512GB, WUXGA, OfficeH24, Win11)",21990000.0,HP
318354,https://www.thegioididong.com/laptop/acer-nitro-v-anv15-51-57b2-i5-nhqn8sv001,"Laptop Acer Gaming Nitro V ANV15 51 57B2 - NH.QN8SV.001 (i5 13420H, 8GB, 512GB, RTX 4050 6GB, Full HD 144Hz, Win11)",23290000.0,Acer
325586,https://www.thegioididong.com/laptop/msi-cyborg-14-a13ve-i7-090vn,"Laptop MSI Gaming Cyborg 14 A13VE - 090VN (i7 13620H, 16GB, 512GB, RTX 4050 6GB, Full HD+ 144Hz, Win11)",26690000.0,MSI
338280,https://www.thegioididong.com/laptop/lenovo-yoga-slim-7-oled-14ill10-ultra-7-83jx0037vn,"Laptop Lenovo Yoga Slim 7 OLED 14ILL10 - 83JX0037VN (Ultra 7 258V, 32GB, 1TB, 2.8K OLED 120Hz, OfficeH24+365, Win11)",36990000.0,Lenovo
335549,https://www.thegioididong.com/laptop/lenovo-ideapad-slim-5-oled-15arp10-r7-83j3001dvn,"Laptop Lenovo IdeaPad Slim 5 OLED 15ARP10 - 83J3001DVN (R7 7735HS, 16GB, 512GB, WQXGA OLED 165Hz, Win11)",20690000.0,Lenovo
325051,https://www.thegioididong.com/laptop/acer-swift-go-14-ai-73-71zx-ultra-7-nxkslsv002,"Laptop Acer Swift Go 14 AI 73 71ZX - NX.KSLSV.002 (Ultra 7 155H, 16GB, 512GB, 2.8K, Win11)",26490000.0,Acer
339686,https://www.thegioididong.com/laptop/asus-tuf-gaming-f16-fx607vj-core-5-rl035w,"Laptop Asus TUF Gaming F16 FX607VJ - RL035W (Core 5 210H, 16GB, 512GB, RTX 3050 6GB, Full HD+ 144Hz, Win11)",21690000.0,Asus
328946,https://www.thegioididong.com/laptop/dell-inspiron-15-3530-i7-71043888,"Laptop Dell Inspiron 15 3530 - 71043888 (i7 1355U, 16GB, 512GB, Full HD 120Hz, OfficeHS, Win11)",20990000.0,Dell
331526,https://www.thegioididong.com/laptop/hp-envy-x360-14-fa0097au-r5-ay8u7pa,"Laptop HP Envy X360 14 fa0097AU - AY8U7PA (R5 8640HS, 16GB, 512GB, 2.8K OLED, Cảm ứng, OfficeHS+365, Win11)",25890000.0,HP
302533,https://www.thegioididong.com/laptop/hp-pavilion-15-eg2082tu-i5-7c0q5pa?utm_flashsale=1,"Laptop HP Pavilion 15 eg2082TU - 7C0Q5PA (i5 1240P, 8GB, 512GB, Full HD, Win11)",15190000.0,HP
325480,https://www.thegioididong.com/laptop/asus-zenbook-14-oled-i5-km657w,"Laptop Asus Zenbook 14 OLED UX3402VA - KM657W (i5 13500H, 16GB, 512GB, 2.8K OLED 90Hz, Win11)",23190000.0,Asus
328473,https://www.thegioididong.com/laptop/dell-vostro-3530-i5-80gg93,"Laptop Dell Vostro 3530 - 80GG93 (i5 1335U, 16GB, 512GB, 15.6""F, 120Hz, OfficeHS, Win11)",17490000.0,Dell
328947,https://www.thegioididong.com/laptop/dell-inspiron-16-5640-core-7-khpf5,"Laptop Dell Inspiron 16 5640 - KHPF5 (Core 7 150U, 16GB, 1TB, MX570A 2GB, Full HD+ OfficeHS, Win11)",26490000.0,Dell
327508,https://www.thegioididong.com/laptop/acer-aspire-lite-al16-51p-596h-i5-nxkwzsv002,"Laptop Acer Aspire Lite AL16 51P 596H - NX.KWZSV.002 (i5 1235U, 8GB, 512GB, WUXGA, Win11)",12990000.0,Acer
342514,https://www.thegioididong.com/laptop/lenovo-thinkbook-14-g8-core-5-210h-21sg007svn,"Laptop Lenovo ThinkBook 14 G8 - 21SG007SVN (Core 5 210H, 16GB, 512GB, WUXGA, Win11)",22290000.0,Lenovo
325588,https://www.thegioididong.com/laptop/msi-stealth-14-ai-studio-a1vfg-ultra-7-085vn,"Laptop MSI Gaming Stealth 14 AI Studio A1VFG - 085VN (Ultra 7 155H, 32GB, 1TB, RTX 4060 8GB, 2.8K OLED 120Hz, Win11)",46730000.0,MSI
329867,https://www.thegioididong.com/laptop/acer-swift-lite-14-ai-sfl14-51m-56hs-ultra-5-nxj1hsv002,"Laptop Acer Swift Lite 14 AI SFL14 51M 56HS - NX.J1HSV.002 (Ultra 5 125U, 16GB, 512GB, Full HD+, Win11)",19390000.0,Acer
322098,https://www.thegioididong.com/laptop/msi-gaming-katana-a15-ai-b8ve-r7-402vn,"Laptop MSI Gaming Katana A15 AI B8VE - 402VN (R7 8845HS, 16GB, 512GB, RTX 4050 6GB, Full HD 144Hz, Win11)",25690000.0,MSI
339953,https://www.thegioididong.com/laptop/msi-thin-15-b13uc-i7-13620h-1411vn-16gb,"Laptop MSI Gaming Thin 15 B13UC - 1411VN_16GB (i7 13620H, 16GB, 512GB, RTX 3050 4GB, Full HD 144Hz, Win11)",19790000.0,MSI
339211,https://www.thegioididong.com/laptop/gigabyte-a16-ga6h-i7-gaming-a16-cmhi2vn893sh,"Laptop GIGABYTE Gaming A16 GA6H - GAMING-A16-CMHI2VN893SH (i7 13620H, 16GB, 512GB, RTX 4050 6GB, WUXGA 165Hz, Win11)",25390000.0,GIGABYTE
329858,https://www.thegioididong.com/laptop/asus-x1504za-i5-nj1608w,"Laptop Asus Vivobook 15 X1504ZA - NJ1608W (i5 1235U, 16GB, 512GB, Full HD, Win11)",13690000.0,Asus
331527,https://www.thegioididong.com/laptop/hp-envy-x360-14-fc0153tu-ultra-7-ay8v4pa,"Laptop HP Envy X360 14 fc0153TU - AY8V4PA (Ultra 7 155U, 32GB, 512GB, 2.8K OLED, Cảm ứng, Office365, Win11)",31590000.0,HP
309565,https://www.thegioididong.com/laptop/hp-pavilion-15-eg2081tu-i5-7c0q4pa?utm_flashsale=1,"Laptop HP Pavilion 15 eg2081TU - 7C0Q4PA (i5 1240P, 16GB, 512GB, Full HD, Win11)",15890000.0,HP
333098,https://www.thegioididong.com/laptop/asus-vivobook-s-14-s5406sa-ultra-5-pp060ws,"Laptop Asus Vivobook S14 S5406SA - PP060WS (Ultra 5 226V, 16GB, 512GB, 2.8K OLED 120Hz, OfficeHS, Win11)",25190000.0,Asus
327901,https://www.thegioididong.com/laptop/dell-g15-5530-i9-i9hx161w11gr4060,"Laptop Dell G15 5530 - i9HX161W11GR4060 (i9 13900HX, 16GB, 1TB, 8GB RTX4060, 15.6""F, 165Hz, OfficeHS, Win11)",40190000.0,Dell
327900,https://www.thegioididong.com/laptop/dell-g15-5530-i7-i7hx161w11gr4060,"Laptop Dell G15 5530 - i7HX161W11GR4060 (i7 13650HX, 16GB, 1TB, RTX 4060 8GB, Full HD 165Hz, OfficeHS, Win11)",36190000.0,Dell
326194,https://www.thegioididong.com/laptop/dell-vostro-3520-i5-71030559,"Laptop Dell Vostro 3520 - 71030559 (i5 1235U, 16GB, 512GB, 15.6""F, 120Hz, OfficeHS, Win11)",15490000.0,Dell
339661,https://www.thegioididong.com/laptop/lenovo-thinkpad-x9-15-oled-ultra-5-21q60050vn,"Laptop Lenovo ThinkPad X9 15 OLED - 21Q60050VN (Ultra 5 228V, 32GB, 512GB, 2.8K OLED 120Hz, Win11 Pro)",47390000.0,Lenovo
313332,https://www.thegioididong.com/laptop/acer-nitro-5-an515-58-769j-i7-nhqfhsv003,Laptop Acer Gaming Nitro 5 Tiger AN515 58 769J i7 12700H/8GB/512GB/4GB RTX3050/144Hz/Win11 (NH.QFHSV.003),20190000.0,Acer
339647,https://www.thegioididong.com/laptop/lenovo-legion-5-15iax10-ultra-7-83f0003cvn,"Laptop Lenovo Gaming Legion 5 15IAX10 - 83F0003CVN (Ultra 7 255HX, 32GB, 1TB, RTX 5060 8GB, WQXGA OLED 165Hz, OfficeH24, Win11)",48990000.0,Lenovo
332397,https://www.thegioididong.com/laptop/acer-swift-ai-sf14-51-53p9-ultra-5-nxj2ksv002,"Laptop Acer Swift AI SF14 51 53P9 - NX.J2KSV.002 (Ultra 5 226V, 16GB, 1TB, 2.8K OLED 90Hz, Win11)",34390000.0,Acer
328945,https://www.thegioididong.com/laptop/dell-inspiron-15-3530-i5-71043885,"Laptop Dell Inspiron 15 3530 - 71043885 (i5 1334U, 16GB, 512GB, Full HD 120Hz, OfficeHS, KYHD, Win11)",17490000.0,Dell
312414,https://www.thegioididong.com/laptop/asus-vivobook-15-x1504za-i3-nj102w,"Laptop Asus Vivobook 15 X1504ZA - NJ102W (i3 1215U, 8GB, 512GB, Full HD, Win11)",9990000.0,Asus
327899,https://www.thegioididong.com/laptop/asus-fx507vv-i7-lp151w,"Laptop Asus TUF Gaming F15 FX507VV - LP151W (i7 13620H, 16GB, 512GB, RTX 4060 8GB, Full HD 144Hz, Win11)",28690000.0,Asus
342501,https://www.thegioididong.com/laptop/lenovo-ideapad-slim-5-oled-14irh10r-core-5-83j0006dvn,"Laptop Lenovo IdeaPad Slim 5 OLED 14IRH10R - 83J0006DVN (Core 5 210H, 32GB, 512GB, WUXGA OLED, OfficeH24+365, Win11)",23790000.0,Lenovo
333873,https://www.thegioididong.com/laptop/hp-elitebook-635-aero-g11-r7-a8ws7pt,"Laptop HP Elitebook 635 Aero G11 - A8WS7PT (R7 8840HS, 16GB, 512GB, WUXGA, Win11)",25790000.0,HP
322003,https://www.thegioididong.com/laptop/acer-aspire-5-a514-56p-54tn-i5-nxkhrsv004,"Laptop Acer Aspire 5 A514 56P 54TN - NX.KHRSV.004 (i5 1335U, 8GB, 512GB, WUXGA, Win11)",12290000.0,Acer
335550,https://www.thegioididong.com/laptop/lenovo-ideapad-slim-3-14irh10-i5-83k0000avn,"Laptop Lenovo IdeaPad Slim 3 14IRH10 - 83K0000AVN (i5 13420H, 24GB, 512GB, WUXGA, Win11)",16990000.0,Lenovo
340006,https://www.thegioididong.com/laptop/msi-venture-a15-ai-a2hmg-r7-003vn,"Laptop MSI Venture A15 AI A2HMG - 003VN (R7 260, 16GB, 512GB, Full HD 144Hz, Win11)",21690000.0,MSI
335832,https://www.thegioididong.com/laptop/hp-omnibook-uf-14-fh0040tu-ultra-7-b13vhpa,"Laptop HP OmniBook UF 14 fh0040TU - B13VHPA (Ultra 7 258V, 32GB, 1TB, 2.8K OLED 120Hz, Cảm ứng, OfficeHS+365, Win11)",48990000.0,HP
339680,https://www.thegioididong.com/laptop/dell-inspiron-14-5440-core-5-n5440c5u165w11ibd2,"Laptop Dell Inspiron 14 5440 - N5440-C5U165W11IBD2 (Core 5 120U, 16GB, 512GB, MX570A 2GB, 2.2K, OfficeHS, Win11)",24490000.0,Dell
341266,https://www.thegioididong.com/laptop/hp-omnibook-5-ai-16-af1046tu-ultra-5-225u-bz7q8pa,"Laptop HP OmniBook 5 AI 16 af1046TU - BZ7Q8PA (Ultra 5 225U, 16GB, 512GB, WUXGA, Cảm ứng, OfficeH24, Win11)",22790000.0,HP
334800,https://www.thegioididong.com/laptop/asus-zenbook-a14-ux3407qa-x1-26-100-qd299ws,"Laptop Asus Zenbook A14 UX3407QA - QD299WS (X1 26 100, 16GB/, 512GB, WUXGA OLED, OfficeH24+365, Win11)",27990000.0,Asus
339212,https://www.thegioididong.com/laptop/gigabyte-g6-kf-rc56-i7-9rc56kf0hjiixivn000,"Laptop GIGABYTE Gaming G6 KF RC56 - 9RC56KF0HJIIXIVN000 (i7 13620H, 16GB, 512GB, RTX 4060 8GB, WUXGA 165Hz, Win11)",25290000.0,GIGABYTE
339690,https://www.thegioididong.com/laptop/asus-gaming-v16-v3607vm-core-7-rp044w,"Laptop Asus Gaming V16 V3607VM - RP044W (Core 7 240H, 16GB, 1TB, RTX 5060 8GB, WUXGA 144Hz, Win11)",35190000.0,Asus
337237,https://www.thegioididong.com/laptop/lenovo-ideapad-slim-3-oled-14irh10-i5-83k0000bvn,"Laptop Lenovo Ideapad Slim 3 14IRH10 - 83K0000BVN (i5 13420H, 16GB, 512GB, WUXGA OLED, Win11)",18490000.0,Lenovo
322959,https://www.thegioididong.com/laptop/msi-prestige-13-ai-evo-a1mg-ultra-7-062vn,"Laptop MSI Prestige 13 AI Evo A1MG - 062VN (Ultra 7 155H, 32GB, 1TB, 2.8K OLED, Win11)",33090000.0,MSI
334796,https://www.thegioididong.com/laptop/asus-zenbook-14-ux3405ca-ultra-5-pz187ws,"Laptop Asus Zenbook 14 UX3405CA - PZ187WS (Ultra 5 225H, 16GB, 512GB, 2.8K OLED 120Hz, Cảm ứng, OfficeH24+365, Win11)",28990000.0,Asus
341623,https://www.thegioididong.com/laptop/hp-victus-15-fb3116ax-r7-7445hs-bx8u4pa,"Laptop HP VICTUS 15 fb3116AX - BX8U4PA (R7 7445HS, 16GB, 512GB, RTX3050 6GB, Full HD 144Hz, Win11)",22690000.0,HP
326148,https://www.thegioididong.com/laptop/dell-inspiron-15-3530-i7-71026454,Laptop Dell Inspiron 15 3530 i7 1355U/16GB/512GB/120Hz/OfficeHS/Win11 (71026454),20990000.0,Dell
333099,https://www.thegioididong.com/laptop/asus-vivobook-s-14-s5406sa-ultra-7-pp059ws,"Laptop Asus Vivobook S14 S5406SA - PP059WS (Ultra 7 258V, 32GB, 1TB, 2.8K OLED 120Hz, OfficeHS, Win11)",32490000.0,Asus
337242,https://www.thegioididong.com/laptop/lenovo-ideapad-slim-3-14irh10-i7-83k00007vn,"Laptop Lenovo IdeaPad Slim 3 14IRH10 - 83K00007VN (i7 13620H, 16GB, 512GB, WUXGA, Win11)",18990000.0,Lenovo
326280,https://www.thegioididong.com/laptop/msi-katana-a15-ai-b8vg-r7-465vn,"Laptop MSI Gaming Katana A15 AI B8VG - 465VN (R7 8845HS, 16GB, 1TB, RTX 4070 8GB, Full HD 144Hz, Win11)",35110000.0,MSI
332579,https://www.thegioididong.com/laptop/acer-nitro-v-16-propanel-anv16-41-r6zy-r5-nhqp2sv002,"Laptop Acer Gaming Nitro V 16 ProPanel ANV16 41 R6ZY - NH.QP2SV.002 (R5 8645HS, 16GB, 512GB, RTX 3050 6GB, WUXGA 165Hz, Win11)",24290000.0,Acer
341750,https://www.thegioididong.com/laptop/gigabyte-aero-x16-r7-ai-350-gigabyte-aero-x161vh93vnc64ah,"Laptop GIGABYTE Gaming AERO X16 - GIGABYTE-AERO-X161VH93VNC64AH (R7 AI 350, 32GB, 1TB, RTX5060 8GB, WQXGA 165Hz, Win11)",36990000.0,GIGABYTE
338321,https://www.thegioididong.com/laptop/asus-s3407ca-ultra-7-ly096ws,"Laptop Asus Vivobook S14 S3407CA - LY096WS (Ultra 7 255H, 16GB, 512GB, WUXGA, OfficeH24+365, Win11)",23990000.0,Asus
335172,https://www.thegioididong.com/laptop/asus-vivobook-s-16-m5606ka-r7-ai-350-ri016ws,"Laptop Asus Vivobook S16 M5606KA - RI016WS (R7 AI 350, 24GB, 512GB, 2.8K OLED 120Hz, OfficeH24+365, Win11)",27990000.0,Asus
326059,https://www.thegioididong.com/laptop/hp-victus-16-s0078ax-r5-8c5n7pa?utm_flashsale=1,"Laptop HP Gaming VICTUS 16 s0078AX - 8C5N7PA (R5 7640HS, 16GB, 512GB, RTX 3050 6GB, Full HD 144Hz, Win11)",19690000.0,HP
329337,https://www.thegioididong.com/laptop/acer-nitro-an515-58-773y-i7-12700h-nhqfksv00116g,Laptop Acer Gaming Nitro AN515 58 773Y i7 12700H/16GB/512GB/4GB RTX3050Ti/144Hz/Win11 (NH.QFKSV.001.16G),33190000.0,Acer
329789,https://www.thegioididong.com/laptop/msi-prestige-14-ai-studio-c1veg-ultra-7-056vn,"Laptop MSI Prestige 14 AI Studio C1VEG - 056VN (Ultra 7 155H, 32GB, 1TB, RTX 4050 6GB, 2.8K, Win11)",35090000.0,MSI
323585,https://www.thegioididong.com/laptop/hp-omen-16-xf0071ax-r7-8w946pa?utm_flashsale=1,"Laptop HP Gaming OMEN 16 xf0071AX - 8W946PA (R7 7840HS, 32GB, 1TB, RTX 4060 8GB, QHD 240Hz, Win11)",45690000.0,HP
341608,https://www.thegioididong.com/laptop/acer-nitro-v-15-propanel-anv15-41-r9m1-r5-7535hs-nh-qpfsv-004?utm_flashsale=1,"Laptop Acer Gaming Nitro V 15 ProPanel ANV15 41 R9M1 - NH.QPFSV.004 (R5 7535HS, 16GB, 512GB, RTX3050 6GB, Full HD 180Hz, Win11)",21690000.0,Acer
317709,https://www.thegioididong.com/laptop/asus-tuf-gaming-f15-fx507zc4-i5-hn229w,"Laptop Asus TUF Gaming F15 FX507ZC4 - HN229W (i5 12500H, 16GB, 1TB, RTX 3050 4GB, Full HD 144Hz, Win11)",21390000.0,Asus
334799,https://www.thegioididong.com/laptop/asus-vivobook-16-m1607ka-r7-ai-350-mb091ws,"Laptop Asus Vivobook 16 M1607KA - MB091WS (R7 AI 350, 16GB, 512GB, WUXGA, OfficeH24+365, Win11)",20490000.0,Asus
326824,https://www.thegioididong.com/laptop/hp-envy-x360-14-fc0089tu-ultra-7-a19bzpa?utm_flashsale=1,"Laptop HP Envy x360 14 fc0089TU - A19BZPA (Ultra 7 155U, 16GB, 512GB, 2.8K OLED, Cảm ứng, Win11)",26190000.0,HP
335020,https://www.thegioididong.com/laptop/msi-prestige-14-ai-evo-c2vmg-ultra-7-020vn,"Laptop MSI Prestige 14 AI+ Evo C2VMG - 020VN (Ultra 7 258V, 32GB, 1TB, 2.8K OLED 120Hz, Win11)",37690000.0,MSI
339659,https://www.thegioididong.com/laptop/lenovo-thinkpad-x1-carbon-oled-ultra-7-21nx003bvn,"Laptop Lenovo ThinkPad X1 Carbon - 21NX003BVN (Ultra 7 255H, 32GB, 1TB, 2.8K OLED 120Hz, Cảm ứng, Win11 Pro)",61290000.0,Lenovo
341751,https://www.thegioididong.com/laptop/gigabyte-a16-ga6h-i5-13420h-gaming-a16-cthh3vn893sh,"Laptop GIGABYTE Gaming A16 GA6H - GAMING-A16-CTHH3VN893SH (i5 13420H, 16GB, 512GB, RTX5050 8GB, WUXGA 165Hz, Win11)",27590000.0,GIGABYTE
339685,https://www.thegioididong.com/laptop/asus-tuf-gaming-f16-fx608jmr-i7-rv048w,"Laptop Asus TUF Gaming F16 FX608JMR - RV048W (i7 14650HX, 16GB, 1TB, RTX 5060 8GB, WUXGA 165Hz, Win11)",38990000.0,Asus
311145,https://www.thegioididong.com/laptop/hp-pavilion-15-eg3094tu-i5-8c5l5pa?utm_flashsale=1,"Laptop HP Pavilion 15 eg3094TU - 8C5L5PA (i5 1335U, 8GB, 512GB, Full HD, Win11)",15690000.0,HP
315892,https://www.thegioididong.com/laptop/asus-tuf-gaming-a15-fa507nv-r7-lp031w,"Laptop Asus TUF Gaming A15 FA507NV - LP031W (R7 7735HS, 16GB, 512GB, RTX 4060 8GB, Full HD 144Hz, Win11)",27690000.0,Asus
327408,https://www.thegioididong.com/laptop/hp-probook-450-g10-i7-9h8h1pt,"Laptop HP Probook 450 G10 - 9H8H1PT (i7 1355U, 16GB, 512GB, Full HD, Win11)",23990000.0,HP
334444,https://www.thegioididong.com/laptop/lenovo-ideapad-slim-3-15irh10-i7-83k1000jvn,"Laptop Lenovo IdeaPad Slim 3 15IRH10 - 83K1000JVN (i7 13620H, 16GB, 512GB, WUXGA, Win11)",18990000.0,Lenovo
339648,https://www.thegioididong.com/laptop/lenovo-legion-5-15iax10-ultra-7-255hx-83f0003bvn,"Laptop Lenovo Gaming Legion 5 15IAX10 - 83F0003BVN (Ultra 7 255HX, 32GB, 1TB, RTX 5070 8GB, WQXGA OLED 165Hz, OfficeH24, Win11)",53990000.0,Lenovo
341611,https://www.thegioididong.com/laptop/msi-katana-15-hx-b14wek-i5-14450hx-286vn,"Laptop MSI Gaming Katana 15 HX B14WEK - 286VN (i5 14450HX, 16GB, 512GB, RTX5050 8GB, QHD 165Hz, Win11)",31690000.0,MSI
321468,https://www.thegioididong.com/laptop/asus-zenbook-14-oled-ux3405ma-ultra-7-pp152w,"Laptop Asus Zenbook 14 OLED UX3405MA - PP152W (Ultra 7 155H, 32GB, 1TB, 2.8K OLED 120Hz, Win11)",30990000.0,Asus
322099,https://www.thegioididong.com/laptop/msi-gaming-cyborg-15-ai-a1vek-ultra-7-053vn,"Laptop MSI Gaming Cyborg 15 AI A1VEK - 053VN (Ultra 7 155H, 16GB, 512GB, RTX 4050 6GB, Full HD 144Hz, Win11)",28690000.0,MSI
330165,https://www.thegioididong.com/laptop/dell-inspiron-15-3530-i5-p16wd2,"Laptop Dell Inspiron 15 3530 - P16WD2 (i5 1334U, 16GB, 512GB, Full HD 120Hz, OfficeHS, Win11)",17990000.0,Dell
334798,https://www.thegioididong.com/laptop/asus-zenbook-duo-ux8406ca-ultra-9-pz109ws,"Laptop Asus Zenbook DUO UX8406CA - PZ109WS (Ultra 9 285H, 32GB, 1TB, 2.8K OLED 120Hz, Cảm ứng, OfficeH24+365, Win11)",57990000.0,Asus
315911,https://www.thegioididong.com/laptop/hp-pavilion-15-eg3095tu-i5-8c5l6pa?utm_flashsale=1,"Laptop HP Pavilion 15 eg3095TU - 8C5L6PA (i5 1335U, 8GB, 512GB, Full HD, Win11)",15690000.0,HP
341752,https://www.thegioididong.com/laptop/gigabyte-a16-ga6h-i7-13620h-gaming-a16-cvhi3vn893sh,"Laptop GIGABYTE Gaming A16 GA6H - GAMING-A16-CVHI3VN893SH (i7 13620H, 16GB, 512GB, RTX5060 8GB, WUXGA 165Hz, Win11)",31490000.0,GIGABYTE
337241,https://www.thegioididong.com/laptop/lenovo-ideapad-slim-3-14irh10-i7-83k00009vn,"Laptop Lenovo IdeaPad Slim 3 14IRH10 - 83K00009VN (i7 13620H, 24GB, 512GB, WUXGA, Win11)",19990000.0,Lenovo
339658,https://www.thegioididong.com/laptop/lenovo-thinkpad-t14s-ultra-7-21r1000avn,"Laptop Lenovo ThinkPad T14s - 21R1000AVN (Ultra 7 255H, 32GB, 512GB, WUXGA, Win11 Pro)",43590000.0,Lenovo
320431,https://www.thegioididong.com/laptop/asus-zenbook-14-oled-ux3405ma-ultra-5-pp151w,"Laptop Asus Zenbook 14 OLED UX3405MA (Ultra 5 125H, 16GB, 512GB, 2.8K OLED 120Hz, Win11)",25990000.0,Asus
327974,https://www.thegioididong.com/laptop/asus-fx507zc4-i7-hn181w,"Laptop Asus TUF Gaming F15 FX507ZC4 - HN181W (i7 12700H, 16GB, 512GB, RTX 3050 4GB, Full HD 144Hz, Win11)",22890000.0,Asus
325002,https://www.thegioididong.com/laptop/hp-victus-16-r0127tx-i7-8c5n2pa?utm_flashsale=1,"Laptop HP Gaming VICTUS 16 r0127TX - 8C5N2PA (i7 13700H, 16GB, 512GB, RTX 4060 8GB, Full HD 144Hz, Win11)",31690000.0,HP
339662,https://www.thegioididong.com/laptop/lenovo-thinkpad-x9-15-ultra-7-21q60054vn,"Laptop Lenovo ThinkPad X9 15 - 21Q60054VN (Ultra 7 258V, 32GB, 1TB, 2.8K OLED 120Hz, Win11 Pro)",54890000.0,Lenovo
337841,https://www.thegioididong.com/laptop/gigabyte-aorus-master-16-ultra-9-16-byhc5vne64sh,"Laptop GIGABYTE Gaming AORUS MASTER 16 - Win11 (Ultra 9 275HX, 32GB, 1TB, RTX 5080 16GB, WQXGA OLED 240Hz, Win11 )",84890000.0,GIGABYTE
342752,https://www.thegioididong.com/laptop/asus-gaming-v16-v3607vh-core-5-210h-rp084w,"Laptop Asus Gaming V16 V3607VH - RP084W (Core 5 210H, 16GB, 512GB, RTX 5050 8GB, WUXGA 144Hz, Win11)",27390000.0,Asus
326864,https://www.thegioididong.com/laptop/dell-inspiron-16-5640-core-7-n6i7512w1,"Laptop Dell Inspiron 16 5640 - N6I7512W1 (Core 7 150U, 16GB, 1TB, MX570A 2GB, 2.5K 120Hz, OfficeHS, Win11)",31290000.0,Dell
334802,https://www.thegioididong.com/laptop/asus-zenbook-14-oled-um3406ka-r7-ai-350-pp555ws,"Laptop Asus Zenbook 14 UM3406KA - PP555WS (R7 AI 350, 32GB, 512GB, 2.8K OLED 120Hz, OfficeH24+365, Win11)",28990000.0,Asus
335835,https://www.thegioididong.com/laptop/hp-omnibook-x-14-fe1010qu-x1p-42-100-b53kbpa,"Laptop HP OmniBook X 14 fe1010QU - B53KBPA (X1P 42 100, 16GB, 512GB, 2.2K, Cảm ứng, OfficeHS+365, Win11)",28490000.0,HP
339234,https://www.thegioididong.com/laptop/asus-vivobook-16-a1607qa-x1-26-100-mb067ws,"Laptop Asus Vivobook 16 A1607QA - MB067WS (X1 26 100, 16GB, 512GB, WUXGA, OfficeH24+365, Win11)",18190000.0,Asus
337236,https://www.thegioididong.com/laptop/lenovo-yoga-slim-9-oled-14ill10-ultra-7-83cx001avn,"Laptop Lenovo Yoga Slim 9 OLED 14ILL10 - 83CX001AVN (Ultra 7 258V, 32GB, 1TB, 4K OLED 120Hz, Cảm ứng, OfficeH24+365, Win11)",56990000.0,Lenovo
339951,https://www.thegioididong.com/laptop/msi-venture-a14-ai-a3hmg-r5-ai-340-004vn,"Laptop MSI Venture A14 AI+ A3HMG - 004VN (R5 AI 340, 16GB, 512GB, 2.8K OLED 120Hz, Win11)",25190000.0,MSI
327509,https://www.thegioididong.com/laptop/dell-inspiron-15-3530-i5-n5i5340w1,"Laptop Dell Inspiron 15 3530 - N5I5340W1 (i5 1334U, 16GB, 512GB, Full HD 120Hz, OfficeHS, Win11)",17490000.0,Dell
334805,https://www.thegioididong.com/laptop/dell-latitude-3450-i5-l34501335u16512w,"Laptop Dell Latitude 3450 - L3450-1335U-16512W (i5 1335U, 16GB, 512GB, Full HD, Win11)",18590000.0,Dell
322269,https://www.thegioididong.com/laptop/asus-tuf-gaming-a15-fa506nf-r5-hn012w,"Laptop Asus TUF Gaming A15 FA506NF - HN012W (R5 7535HS, 16GB, 512GB, RTX 2050 4GB, Full HD 144Hz, Win11)",15990000.0,Asus
335551,https://www.thegioididong.com/laptop/lenovo-ideapad-slim-3-14irh10-i5-83k00008vn,"Laptop Lenovo IdeaPad Slim 3 14IRH10 - 83K00008VN (i5 13420H, 16GB, 512GB, WUXGA, Win11)",15990000.0,Lenovo
338313,https://www.thegioididong.com/laptop/dell-latitude-7350-ultra-5-l7350135u16512w,"Laptop Dell Latitude 7350 - L7350-135U-16512W (Ultra 5 135U vPro, 16GB, 512GB, Full HD+, Win11)",32290000.0,Dell
342758,https://www.thegioididong.com/laptop/asus-vivobook-s16-s3607va-core-5-210h-rp155ws?utm_flashsale=1,"Laptop Asus Vivobook S16 S3607VA - RP155WS (Core 5 210H, 16GB, 512GB, WUXGA 144Hz, OfficeH24+365, Win11)",18690000.0,Asus
330579,https://www.thegioididong.com/laptop/asus-ux5406sa-ultra-7-pv140ws,"Laptop Asus Zenbook S 14 UX5406SA - PV140WS (Ultra 7 258V, 32GB, 1TB, 2.8K OLED 120Hz, OfficeHS, Win11)",41990000.0,Asus
334806,https://www.thegioididong.com/laptop/asus-vivobook-14-a1407ca-ultra-5-ly008ws,"Laptop Asus Vivobook 14 A1407CA - LY008WS (Ultra 5 225H, 16GB, 512GB, WUXGA, OfficeH24+365, Win11)",19490000.0,Asus
341609,https://www.thegioididong.com/laptop/msi-katana-15-hx-b14wfk-i7-14650hx-267vn,"Laptop MSI Gaming Katana 15 HX B14WFK - 267VN (i7 14650HX, 32GB, 512GB, RTX5060 8GB, QHD 165Hz, Win11)",39190000.0,MSI
339541,https://www.thegioididong.com/laptop/lenovo-legion-pro-7-16iax10h-ultra-9-275hx-83f5008vvn,"Laptop Lenovo Gaming Legion Pro 7 16IAX10H - 83F5008VVN (Ultra 9 275HX, 32GB, 1TB, RTX 5070Ti 12GB, WQXGA OLED 240Hz, OfficeH24, Win11)",79990000.0,Lenovo
325242,https://www.thegioididong.com/laptop/dell-inspiron-15-3520-i5-n5i5052w1,"Laptop Dell Inspiron 15 3520 - N5I5052W1 (i5 1235U, 16GB, 512GB, Full HD 120Hz, OfficeHS, Win11)",15490000.0,Dell
311117,https://www.thegioididong.com/laptop/asus-vivobook-14x-oled-k3405vc-i5-km006w,"Laptop Asus Vivobook 14X OLED K3405VC - KM006W (i5 13500H, 16GB, 512GB, RTX 3050 4GB, 2.8K OLED 90 Hz, Win11)",23490000.0,Asus
339542,https://www.thegioididong.com/laptop/lenovo-legion-pro-7-16iax10h-ultra-9-275hx-83f5008wvn,"Laptop Lenovo Gaming Legion Pro 7 16IAX10H - 83F5008WVN (Ultra 9 275HX, 32GB, 1TB, RTX 5080 16GB, WQXGA OLED 240Hz, OfficeH24, Win11)",96990000.0,Lenovo
339682,https://www.thegioididong.com/laptop/dell-inspiron-14-5441-x1p-64-100-5mnk1,"Laptop Dell Inspiron 14 5441 - 5MNK1 (X1P 64 100, 16GB, 512GB, Full HD+, OfficeH24+365, Win11)",27390000.0,Dell
327982,https://www.thegioididong.com/laptop/dell-vostro-15-3520-i5-v3520i5u165w11gru,"Laptop Dell Vostro 15 3520 - V3520-i5U165W11GRU (i5 1235U, 16GB, 512GB, 15.6""F, 120Hz, OfficeHS, Win11)",15490000.0,Dell
328239,https://www.thegioididong.com/laptop/asus-vivobook-s-14-oled-s5406ma-ultra-5-pp136w,"Laptop Asus Vivobook S 14 OLED S5406MA - PP136W (Ultra 5 125H, 16GB, 1TB, 2.8K OLED 120Hz, Win11)",24690000.0,Asus
341610,https://www.thegioididong.com/laptop/msi-katana-15-hx-b14wfk-i7-14650hx-025vn,"Laptop MSI Gaming Katana 15 HX B14WFK - 025VN (i7 14650HX, 16GB, 512GB, RTX5060 8GB, QHD 165Hz, Win11)",37190000.0,MSI
320434,https://www.thegioididong.com/laptop/asus-tuf-gaming-f15-fx507vu-i7-lp167w,"Laptop Asus TUF Gaming F15 FX507VU - LP167W (i7 13620H, 16GB, 512GB, RTX 4050 6GB, Full HD 144Hz, Win11)",26690000.0,Asus
339650,https://www.thegioididong.com/laptop/lenovo-legion-5-pro-16iax10-ultra-9-83f3003vvn,"Laptop Lenovo Gaming Legion 5 Pro 16IAX10 - 83F3003VVN (Ultra 9 275HX, 32GB, 1TB, RTX 5060 8GB, WQXGA OLED 165Hz, OfficeH24, Win11)",53990000.0,Lenovo
340563,https://www.thegioididong.com/laptop/dell-inspiron-14-5441-x1p-64-n4o10441w1,"Laptop Dell Inspiron 14 5441 - N4O10441W1 (X1P 64 100, 16GB, 1TB, Full HD+, OfficeH24+365, Win11)",28990000.0,Dell
341564,https://www.thegioididong.com/laptop/dell-alienware-16-aurora-ac16250-core-7-240h-c7h161w11ii5050?utm_flashsale=1,"Laptop Dell Gaming Alienware 16 Aurora AC16250 - C7H161W11II5050 (Core 7 240H, 16GB, 1TB, RTX 5050 8GB, WQXGA 120Hz, OfficeH24+365, Win11)",37290000.0,Dell
309243,https://www.thegioididong.com/laptop/dell-inspiron-3530-i5-1335u-i5u085w11blu,"Laptop Dell Inspiron 3530 - N3530-i5U085W11BLU (i5 1335U, 8GB, 512GB, Full HD 120Hz, OfficeHS, Win11)",16490000.0,Dell
325583,https://www.thegioididong.com/laptop/msi-creator-m16-hx-c14vfg-i7-040vn,"Laptop MSI Creator M16 HX C14VFG - 040VN (i7 14700HX, 32GB, 1TB, RTX 4060 8GB, QHD+ 240Hz, Win11)",45190000.0,MSI
339660,https://www.thegioididong.com/laptop/lenovo-thinkpad-x1-carbon-ultra-5-21nx0038vn,"Laptop Lenovo ThinkPad X1 Carbon - 21NX0038VN (Ultra 5 255H, 32GB, 1TB, WUXGA, Win11 Pro)",50990000.0,Lenovo
329851,https://www.thegioididong.com/laptop/dell-inspiron-7440-core-5-n4i5006w1,"Laptop Dell Inspiron 7440 - N4I5006W1 (Core 5 120U, 16GB, 1TB, Full HD+, Cảm ứng, OfficeHS, Win11)",27890000.0,Dell
334797,https://www.thegioididong.com/laptop/asus-zenbook-14-ux3405ca-ultra-7-pz368ws,"Laptop Asus Zenbook 14 UX3405CA - PZ368WS (Ultra 7 255H, 16GB, 512GB, 2.8K OLED 120Hz, Cảm ứng, OfficeH24+365, Win11)",32690000.0,Asus
335181,https://www.thegioididong.com/laptop/dell-latitude-5350-ultra-7-165u-vpro-l5350165u16512w,"Laptop Dell Latitude 5350 - L5350-165U-16512W (Ultra 7 165U, 16GB, 512GB, Full HD, Win11)",28990000.0,Dell
340488,https://www.thegioididong.com/laptop/lenovo-legion-5-15irx10-i7-83ly00a7vn,"Laptop Lenovo Gaming Legion 5 15IRX10 - 83LY00A7VN (i7 14700HX, 16GB, 512GB, RTX 5050 8GB, WQXGA OLED 165Hz, OfficeH24, Win11)",38990000.0,Lenovo
339689,https://www.thegioididong.com/laptop/asus-gaming-v16-v3607vh-core-5-rp024w,"Laptop Asus Gaming V16 V3607VH - RP024W (Core 5 210H, 16GB, 512GB, RTX 5050 8GB, WUXGA 144Hz, Win11)",27390000.0,Asus
342495,https://www.thegioididong.com/laptop/lenovo-ideapad-slim-5-oled-14irh10r-core-5-83j0006evn,"Laptop Lenovo IdeaPad Slim 5 OLED 14IRH10R - 83J0006EVN (Core 5 210H, 16GB, 512GB, WUXGA OLED, Win11)",20990000.0,Lenovo
325575,https://www.thegioididong.com/laptop/msi-creator-z17-hx-studio-a14vgt-i7-272vn,"Laptop MSI Creator Z17 HX Studio A14VGT - 272VN (i7 14700HX, 32GB, 2TB, RTX 4070 8GB, QHD+ 165 Hz, Cảm ứng, Win11)",70690000.0,MSI
342497,https://www.thegioididong.com/laptop/lenovo-ideapad-slim-5-oled-14irh10r-core-5-83j0006cvn,"Laptop Lenovo IdeaPad Slim 5 OLED 14IRH10R - 83J0006CVN (Core 5 210H, 32GB, 1TB, WUXGA OLED, Win11)",24590000.0,Lenovo
341566,https://www.thegioididong.com/laptop/del-alienware-16-aurora-ac16250-core-7-240h-c7h321w11ii5060?utm_flashsale=1,"Laptop Dell Gaming Alienware 16 Aurora AC16250 - C7H321W11II5060 (Core 7 240H, 32GB, 1TB, RTX 5060 8GB, WQXGA 120Hz, OfficeH24+365, Win11)",43490000.0,Dell
332350,https://www.thegioididong.com/laptop/msi-prestige-16-ai-b2vmg-ultra-9-288v-016vn,"Laptop MSI Prestige 16 AI+ B2VMG - 016VN (Ultra 9 288V, 32GB, 1TB, 4K/UHD+ OLED, Win11)",43890000.0,MSI
332352,https://www.thegioididong.com/laptop/msi-prestige-13-ai-a2vmg-ultra-7-258v-040vn,"Laptop MSI Prestige 13 AI+ A2VMG - 040VN (Ultra 7 258V, 32GB, 1TB, 2.8K OLED, Win11)",36990000.0,MSI
341565,https://www.thegioididong.com/laptop/dell-alienware-16-aurora-ac16250-core-7-240h-71072937?utm_flashsale=1,"Laptop Dell Gaming Alienware 16 Aurora AC16250 - 71072937 (Core 7 240H, 16GB, 1TB, RTX 5060 8GB, WQXGA 120Hz, OfficeH24+365, Win11)",39990000.0,Dell
335010,https://www.thegioididong.com/laptop/msi-titan-18-hx-ai-a2xwig-ultra-9-090vn,"Laptop MSI Gaming Titan 18 HX AI A2XWIG - 090VN (Ultra 9 285HX, 64GB, 6TB, RTX 5080 16GB, 4K 120Hz, Win11)",140690000.0,MSI
341567,https://www.thegioididong.com/laptop/dell-alienware-16-aurora-ac16250-core-9-270h-c9h321w11ii5070?utm_flashsale=1,"Laptop Dell Gaming Alienware 16 Aurora AC16250 - C9H321W11II5070 (Core 9 270H, 32GB, 1TB, RTX 5070 8GB, WQXGA 120Hz, OfficeH24+365, Win11)",64490000.0,Dell
335112,https://www.thegioididong.com/laptop/msi-raider-18-hx-ai-a2xwig-ultra-9-033vn,"Laptop MSI Raider 18 HX AI A2XWIG - 033VN (Ultra 9 285HX, 64GB, 4TB, RTX 5080 16GB, 4K 120Hz, Win11)",110690000.0,MSI
335113,https://www.thegioididong.com/laptop/msi-stealth-18-hx-ai-a2xwig-ultra-9-017vn,"Laptop MSI Gaming Stealth 18 HX AI A2XWIG - 017VN (Ultra 9 275HX, 32GB, 2TB, RTX 5080 16GB, 4K 120Hz, Win11)",93990000.0,MSI
342756,https://www.thegioididong.com/laptop/dell-inspiron-15-3530-i5-1334u-p16wd21,"Laptop Dell Inspiron 15 3530 - P16WD21 (i5 1334U, 16GB, 512GB, Full HD 120Hz, OfficeH24+365, Win11)",17490000.0,Dell
342024,https://www.thegioididong.com/laptop/macbook-air-13-inch-m4-16gb-256gb-sac-70w,Laptop MacBook Air 13 inch M4 16GB/256GB Sạc 70W,26190000.0,MacBook
231244,https://www.thegioididong.com/laptop/apple-macbook-air-2020-mgn63saa?utm_flashsale=1,Laptop MacBook Air 13 inch M1 8GB/256GB,16990000.0,MacBook
342942,https://www.thegioididong.com/laptop/msi-gaming-thin-15-b13uc-i5-13420h-3247vn-16gb,"Laptop MSI Gaming Thin 15 B13UC - 3247VN_16GB (i5 13420H, 16GB, 512GB, RTX 3050 4GB, Full HD 144Hz, Win11)",18990000.0,MSI
342755,https://www.thegioididong.com/laptop/dell-15-dc15255-r5-7530u-dc5r5802w1,"Laptop Dell 15 DC15255 - DC5R5802W1 (R5 7530U, 16GB, 512GB, Full HD 120Hz, OfficeH24+365, Win11)",15990000.0,Dell
342507,https://www.thegioididong.com/laptop/lenovo-gaming-loq-15ahp10-r7-83jg0047vn,"Laptop Lenovo Gaming LOQ 15AHP10 - 83JG0047VN (R7 250, 16GB, 512GB, RTX 5050 8GB, Full HD 144Hz, Win11)",31490000.0,Lenovo
341621,https://www.thegioididong.com/laptop/hp-15-fd1037tu-core-7-150u-9z2w5pa,"Laptop HP 15 fd1037TU - 9Z2W5PA (Core 7 150U, 16GB, 1TB, Full HD, Win11)",21090000.0,HP
342519,https://www.thegioididong.com/laptop/lenovo-gaming-legion-5-15irx10-i7-14700hx-83ly00hyvn,"Laptop Lenovo Gaming Legion 5 15IRX10 - 83LY00HYVN (i7 14700HX, 16GB, 1TB, RTX 5050 8GB, WQXGA 165Hz, OfficeH24, Win11)",39990000.0,Lenovo
342941,https://www.thegioididong.com/laptop/msi-modern-15-f13mg-i5-1334u-667vn-16gb?utm_flashsale=1,"Laptop MSI Modern 15 F13MG - 667VN_16GB (i5 1334U, 16GB, 512GB, Full HD, Win11)",13490000.0,MSI
328599,https://www.thegioididong.com/laptop/samsung-galaxy-chromebook-go-xe310xda-n4500,"Laptop Samsung XE310XDA-KA1VN (N4500, 4GB, 32GB, HD, ChromeOS)",7890000.0,Samsung
332451,https://www.thegioididong.com/laptop/macbook-pro-14-nano-m4-max-36-1t,Laptop MacBook Pro 14 inch Nano M4 Max 36GB/1TB,79790000.0,MacBook
335366,https://www.thegioididong.com/laptop/macbook-air-13-inch-m4-24gb-256gb,Laptop MacBook Air 13 inch M4 24GB/256GB,31390000.0,MacBook
341622,https://www.thegioididong.com/laptop/hp-15-fd1039tu-core-7-150u-9z2w7pa,"Laptop HP 15 fd1039TU - 9Z2W7PA (Core 7 150U, 16GB, 512GB, Full HD, Win11)",20090000.0,HP
305009,https://www.thegioididong.com/laptop/asus-vivobook-15-x1504va-nj023w,"Laptop Asus Vivobook 15 X1504V - NJ023W (i7 1355U, 16GB, 512GB, Full HD, Win11)",18390000.0,Asus
331523,https://www.thegioididong.com/laptop/hp-elitebook-x360-830-g11-ultra-7-a7rc0pt,"Laptop HP Elitebook X360 830 G11 - A7RC0PT (Ultra 7 165U, 16GB, 512GB, WUXGA, Cảm ứng, Win11 Pro)",44390000.0,HP
331567,https://www.thegioididong.com/laptop/macbook-pro-14-inch-m4-24gb-1tb,Laptop MacBook Pro 14 inch M4 24GB/1TB,48990000.0,MacBook
335369,https://www.thegioididong.com/laptop/macbook-air-13-inch-m4-32gb-256gb,Laptop MacBook Air 13 inch M4 32GB/256GB,35490000.0,MacBook
339558,https://www.thegioididong.com/laptop/hp-elitebook-x-g1a-14-ai-r9-ai-hx-pro-375-b9fe4pt,"Laptop HP EliteBook X G1a 14 AI - B9FE4PT (R9 AI HX PRO 375, 32GB, 1TB, 2.8K OLED 120Hz, Cảm ứng, Win11 Pro)",54590000.0,HP
341613,https://www.thegioididong.com/laptop/msi-katana-15-hx-b14wek-i7-14650hx-027vn,"Laptop MSI Katana 15 HX B14WEK - 027VN (i7 14650HX, 32GB, 512GB, RTX5050 8GB, QHD 165Hz, Win11)",35690000.0,MSI
328598,https://www.thegioididong.com/laptop/samsung-galaxy-chromebook-go-xe340xda-n4500,"Laptop Samsung XE340XDA-KA1VN (N4500, 4GB, 32GB, HD, ChromeOS)",8790000.0,Samsung
331522,https://www.thegioididong.com/laptop/hp-elitebook-x360-830-g11-ultra-5-a7rb9pt,"Laptop HP Elitebook X360 830 G11 - A7RB9PT (Ultra 5 135U, 16GB, 512GB, WUXGA, Cảm ứng, Win11 Pro)",39990000.0,HP
332448,https://www.thegioididong.com/laptop/macbook-pro-14-nano-m4-16-512,Laptop MacBook Pro 14 inch Nano M4 16GB/512GB,41690000.0,MacBook
334694,https://www.thegioididong.com/laptop/gigabyte-aorus-16x-x6lag-i7-9rx6lasgddjixdvn010,"Laptop GIGABYTE AORUS 16X X6LAG - 9RX6LASGDDJIXDVN010 (i7 14650HX, 16GB, 1TB, RTX 4070 8GB, WQXGA 165Hz, Win11)",38390000.0,GIGABYTE
337040,https://www.thegioididong.com/laptop/hp-elitebook-ultra-g1q-x1e-78-100-b4py1pt,"Laptop HP Elitebook Ultra G1q - B4PY1PT (X1E 78 100, 32GB, 1TB, 2.2K, Cảm ứng, Win11 Pro)",43590000.0,HP
337844,https://www.thegioididong.com/laptop/gigabyte-g6x-9kg-c6lg-i7-9rc6l9kghsjix1vn000,"Laptop GIGABYTE Gaming G6X 9KG C6LG - 9RC6L9KGHSJIX1VN000 (i7 13650HX, 16GB, 1TB, RTX 4060 8GB, WUXGA 165Hz, Win11)",31390000.0,GIGABYTE
339235,https://www.thegioididong.com/laptop/asus-zenbook-14-um3406ka-r7-ai-350-pp113ws,"Laptop Asus Zenbook 14 UM3406KA - PP113WS (R7 AI 350, 16GB, 512GB, 2.8K 120Hz, OfficeH24+365, Win11)",27490000.0,Asus
339236,https://www.thegioididong.com/laptop/asus-zenbook-s16-um5606ka-r7-ai-350-rk127ws,"Laptop Asus Zenbook S16 UM5606KA - RK127WS (R7 AI 350, 24GB, 1TB, 2.8K 120Hz, OfficeH24+365, Win11)",39990000.0,Asus
341269,https://www.thegioididong.com/laptop/hp-omnibook-uf-14-fh0097tu-ultra-7-258v-bz7s3pa,"Laptop HP OmniBook UF 14 fh0097TU - BZ7S3PA (Ultra 7 258V, 32GB, 1TB, 2.8K OLED 120Hz, Cảm ứng, OfficeH24, Win11)",48990000.0,HP
342505,https://www.thegioididong.com/laptop/lenovo-yoga-slim-7-oled-14ill10-ultra-7-258v-83jx0036vn,"Laptop Lenovo Yoga Slim 7 OLED 14ILL10 - 83JX0036VN (Ultra 7 258V, 32GB, 1TB, 2.8K OLED 120Hz, OfficeH24, Win11)",36990000.0,Lenovo
284343,https://www.thegioididong.com/laptop/asus-tuf-gaming-fx517ze-i5-hn045w,"Laptop Asus TUF Gaming Dash F15 FX517ZE - HN045W (i5 12450H, 8GB, 512GB, RTX 3050Ti 4GB, Full HD 144Hz, Win11)",20690000.0,Asus
332274,https://www.thegioididong.com/laptop/hp-omen-14-fb0135tx-ultra-7-ay8v1pa,"Laptop HP Gaming OMEN 14 fb0135TX - AY8V1PA (Ultra 7 155H, 16GB, 1TB, RTX 4060 8GB, 2.8K OLED 120Hz, Win11)",57790000.0,HP
335015,https://www.thegioididong.com/laptop/msi-vector-16-hx-ai-a2xwig-ultra-9-062vn,"Laptop MSI Gaming Vector 16 HX AI A2XWIG - 062VN (Ultra 9 275HX, 16GB, 1TB, RTX 5080 16GB, QHD+ 240Hz, Win11)",70590000.0,MSI
335963,https://www.thegioididong.com/laptop/acer-predator-helios-18-ai-ph18-73-98aq-ultra-9-nhqvwsv001,"Laptop Acer Gaming Predator Helios 18 AI PH18 73 98AQ - NH.QVWSV.001 (Ultra 9 275HX, 192GB, 6TB, RTX 5090 24GB, 4K 120Hz, Win11 Pro)",149990000.0,Acer
335964,https://www.thegioididong.com/laptop/acer-predator-helios-18-ai-ph18-73-93p0-ultra-9-nhqvysv001,"Laptop Acer Gaming Predator Helios 18 AI PH18 73 93P0 - NH.QVYSV.001 (Ultra 9 275HX, 64GB, 3TB, RTX 5080 12GB, 2.5K 250Hz, Win11 Pro)",99990000.0,Acer
341268,https://www.thegioididong.com/laptop/hp-omnibook-uf-14-fh0095tu-ultra-9-288v-bz7s2pa,"Laptop HP OmniBook UF 14 fh0095TU - BZ7S2PA (Ultra 9 288V, 32GB, 1TB, 2.8K OLED 120Hz, Cảm ứng, OfficeH24, Win11)",51990000.0,HP
341572,https://www.thegioididong.com/laptop/msi-prestige-16-ai-mercedes-amg-b2vmg-ultra-9-288v-088vn,"Laptop MSI Prestige 16 AI+ Mercedes AMG B2VMG - 088VN (Ultra 9 288V, 32GB, 2TB, UHD+ OLED 240Hz, Win 11)",49990000.0,MSI
341573,https://www.thegioididong.com/laptop/msi-stealth-a16-mercedes-amg-ai-a3xwgg-r9-ai-hx-370-032vn,"Laptop MSI Stealth A16 Mercedes AMG AI+ A3XWGG - 032VN (R9 AI HX 370, 32GB, 2TB, RTX 5070 8GB, QHD+ OLED 240Hz, Win11)",78490000.0,MSI
342504,https://www.thegioididong.com/laptop/lenovo-yoga-slim-7-oled-14ill10-ultra-7-258v-83jx0081vn,"Laptop Lenovo Yoga Slim 7 OLED 14ILL10 - 83JX0081VN (Ultra 7 258V, 32GB, 1TB, 2.8K OLED 120Hz, OfficeH24, Win11)",36990000.0,Lenovo
342508,https://www.thegioididong.com/laptop/lenovo-thinkpad-x1-2in1-gen-10-ultra-7-255u-21q0003jvn,"Laptop Lenovo ThinkPad X1 2in1 Gen 10 - 21Q0003JVN (Ultra 7 255U, 32GB, 1TB, WUXGA, Win11Pro)",61590000.0,Lenovo
342517,https://www.thegioididong.com/laptop/lenovo-gaming-legion-5-15irx10-i7-14700hx-83ly004gvn,"Laptop Lenovo Gaming Legion 5 15IRX10 - 83LY004GVN (i7 14700HX, 24GB, 1TB, RTX 5070 8GB, WQXGA OLED 165Hz, OfficeH24, Win11)",49990000.0,Lenovo
342523,https://www.thegioididong.com/laptop/lenovo-gaming-legion-5-15ahp10-r7-260-83m00030vn,"Laptop Lenovo Gaming Legion 5 15AHP10 - 83M00030VN (R7 260, 24GB, 1TB, RTX 5060 8GB, WQXGA OLED 165Hz, OfficeH24, Win11)",42990000.0,Lenovo
342721,https://www.thegioididong.com/laptop/hp-gaming-omen-16-am0127tx-i9-14900hx-bx8y0pa,"Laptop HP Gaming OMEN 16 am0127TX - BX8Y0PA (i9 14900HX, 32GB, 512GB, RTX 5070 8GB, WUXGA 165Hz, Win11)",59890000.0,HP
342725,https://www.thegioididong.com/laptop/hp-15-fr0036tu-i5-13420h-bz7u2pa,"Laptop HP 15 fr0036TU - BZ7U2PA (i5 13420H, 16GB, 512GB, Full HD, Win11)",16690000.0,HP
